profile,distribution,version,artifact_kind,artifact_reference,artifact_sha256,source_commit,license_expression,evidence_source,license_notes,bundled_in_repository
bootstrap,packaging,26.3,wheel,https://files.pythonhosted.org/packages/63/34/ba1c580383c9eada3711951fef0795c80b829a078d72188184bcab9dd527/packaging-26.3-py3-none-any.whl,d7193f7c8e4e93f444fde0262bf90af30e16fa0ad0ad44cb553c87339b23cd1c,,Apache-2.0 OR BSD-2-Clause,core_metadata_license_expression,,false
bootstrap,setuptools,84.0.0,wheel,https://files.pythonhosted.org/packages/95/9c/c510029fc6ef33a6275cd2c5d3cecd6613dfd6aa401d57c54f1c18852ccf/setuptools-84.0.0-py3-none-any.whl,51a52592b3b99e102b609654876bd65f19f999935166d1352678931132b0c670,,MIT,core_metadata_license_expression,,false
bootstrap,wheel,0.48.0,wheel,https://files.pythonhosted.org/packages/2e/29/69cfbb602cd91690c55d38ba9fe53e6a7e76a6fa647bf38f19c138d25449/wheel-0.48.0-py3-none-any.whl,3217dcc807155e45db462d7ef2431f5ddda0d7273b700d05a67b271ceb1287ab,,MIT,installed_metadata_classifier,,false
ci,actions-checkout,3d3c42e5aac5ba805825da76410c181273ba90b1,github-action-source,https://github.com/actions/checkout,,3d3c42e5aac5ba805825da76410c181273ba90b1,MIT,reviewed_upstream_repository_license,Pinned by full commit SHA and not bundled.,false
ci,actions-setup-python,5fda3b95a4ea91299a34e894583c3862153e4b97,github-action-source,https://github.com/actions/setup-python,,5fda3b95a4ea91299a34e894583c3862153e4b97,MIT,reviewed_upstream_repository_license,Pinned by full commit SHA and not bundled.,false
dev,build,1.3.0,wheel,https://files.pythonhosted.org/packages/cb/8c/2b30c12155ad8de0cf641d76a8b396a16d2c36bc6d50b621a62b7c4567c1/build-1.3.0-py3-none-any.whl,7145f0b5061ba90a1500d60bd1b13ca0a8a4cebdd0cc16ed8adf1c0e739f43b4,,MIT,core_metadata_license_expression,,false
dev,certifi,2026.7.22,wheel,https://files.pythonhosted.org/packages/0b/a7/71ac2cff56fec219ed242bb11b8efb69fcc4bec75db06fb7bfe35de520e6/certifi-2026.7.22-py3-none-any.whl,62f22742b58a1a33014a2b6b706588a8d7e2a88ae7bd1a6ebe8c992928483775,,MPL-2.0,installed_metadata_license,,false
dev,cffi,2.1.1,wheel,https://files.pythonhosted.org/packages/b1/db/dceb9dd5b231e1da801793f8acc9f3c52a7e1afe40bb1aae37e02b0faad5/cffi-2.1.1-cp312-cp312-manylinux2014_x86_64.manylinux_2_17_x86_64.whl,c1453022f490d2459a11819d83ad1d586e9ff65a12ac3e705ffebd46d3685dcf,,MIT-0,core_metadata_license_expression,,false
dev,charset-normalizer,3.5.1,wheel,https://files.pythonhosted.org/packages/6f/89/bb5108dc6c3651dca963f2b0a3ba19bbcb370c94e1b6d3e0e844a58e6dca/charset_normalizer-3.5.1-cp312-cp312-manylinux2014_x86_64.manylinux_2_17_x86_64.manylinux_2_28_x86_64.whl,b9af956078716df40d985fb0dfeb2c2120c5ca92ba4ff4b388acfd01cdc14d08,,MIT,installed_metadata_license,,false
dev,cryptography,50.0.1,wheel,https://files.pythonhosted.org/packages/85/66/6ccca4722987ddedaa7fc9c3f4708af7431f5535666c174350830888c6b7/cryptography-50.0.1-cp311-abi3-manylinux_2_34_x86_64.whl,51afcfceb15597cf2635068e4ac9a56b2abde622edde17f37d85fd7b5306497a,,Apache-2.0 OR BSD-3-Clause,core_metadata_license_expression,,false
dev,docutils,0.23,wheel,https://files.pythonhosted.org/packages/32/91/30151a39f7570f448ed84529390628a651d7f27c87d73c9b887f8189695e/docutils-0.23-py3-none-any.whl,25d013af9bf23bc1c7b2b093dff4208166c53a94786c9e447808335ef1185fea,,NOASSERTION,installed_metadata_multiple_license_files_and_classifiers,Installed metadata declares Public Domain BSD and GPL classifiers and multiple license files; no single expression is asserted.,false
dev,id,1.6.1,wheel,https://files.pythonhosted.org/packages/42/77/de194443bf38daed9452139e960c632b0ef9f9a5dd9ce605fdf18ca9f1b1/id-1.6.1-py3-none-any.whl,f5ec41ed2629a508f5d0988eda142e190c9c6da971100612c4de9ad9f9b237ca,,Apache-2.0,installed_metadata_classifier,,false
dev,idna,3.19,wheel,https://files.pythonhosted.org/packages/57/b0/0e52c878c53f245edd3a11020f20979b3f490f245af532c7cae3027754b5/idna-3.19-py3-none-any.whl,815e7be7a7806d54abb586dc943addc79e8b2ee16915059658cbeff4b1b43bf4,,BSD-3-Clause,core_metadata_license_expression,,false
dev,jaraco-classes,3.4.0,wheel,https://files.pythonhosted.org/packages/7f/66/b15ce62552d84bbfcec9a4873ab79d993a1dd4edb922cbfccae192bd5b5f/jaraco.classes-3.4.0-py3-none-any.whl,f662826b6bed8cace05e7ff873ce0f9283b5c924470fe664fff1c2f00f581790,,MIT,installed_metadata_classifier,,false
dev,jaraco-context,6.1.2,wheel,https://files.pythonhosted.org/packages/f2/58/bc8954bda5fcda97bd7c19be11b85f91973d67a706ed4a3aec33e7de22db/jaraco_context-6.1.2-py3-none-any.whl,bf8150b79a2d5d91ae48629d8b427a8f7ba0e1097dd6202a9059f29a36379535,,MIT,core_metadata_license_expression,,false
dev,jaraco-functools,4.6.0,wheel,https://files.pythonhosted.org/packages/02/36/ecc85bc96c273dc8a11273ed4782272975e6338d4a3e9228621175edf0e3/jaraco_functools-4.6.0-py3-none-any.whl,99e3dc0060c5cbe8fcd1cdb36258e2a65ca40f1566b2033b12abb1bb44dd3c30,,MIT,core_metadata_license_expression,,false
dev,jeepney,0.9.0,wheel,https://files.pythonhosted.org/packages/b2/a3/e137168c9c44d18eff0376253da9f1e9234d0239e0ee230d2fee6cea8e55/jeepney-0.9.0-py3-none-any.whl,97e5714520c16fc0a45695e5365a2e11b81ea79bba796e26f9f1d178cb182683,,MIT,core_metadata_license_expression,,false
dev,keyring,25.7.0,wheel,https://files.pythonhosted.org/packages/81/db/e655086b7f3a705df045bf0933bdd9c2f79bb3c97bfef1384598bb79a217/keyring-25.7.0-py3-none-any.whl,be4a0b195f149690c166e850609a477c532ddbfbaed96a404d4e43f8d5e2689f,,MIT,core_metadata_license_expression,,false
dev,markdown-it-py,4.2.0,wheel,https://files.pythonhosted.org/packages/b3/81/4da04ced5a082363ecfa159c010d200ecbd959ae410c10c0264a38cac0f5/markdown_it_py-4.2.0-py3-none-any.whl,9f7ebbcd14fe59494226453aed97c1070d83f8d24b6fc3a3bcf9a38092641c4a,,MIT,installed_metadata_classifier,,false
dev,mdurl,0.1.2,wheel,https://files.pythonhosted.org/packages/b3/38/89ba8ad64ae25be8de66a6d463314cf1eb366222074cfda9ee839c56a4b4/mdurl-0.1.2-py3-none-any.whl,84008a41e51615a49fc9966191ff91509e3c40b939176e643fd50a5c2196b8f8,,MIT,installed_metadata_classifier,,false
dev,more-itertools,11.1.0,wheel,https://files.pythonhosted.org/packages/e8/3d/1087453384dbde46a8c7f9356eead2c58be8a7bf156bca40243377c85715/more_itertools-11.1.0-py3-none-any.whl,4b65538ae22f6fed0ce4874efd317463a7489796a0939fa66824dd542125a192,,MIT,core_metadata_license_expression,,false
dev,nh3,0.3.7,wheel,https://files.pythonhosted.org/packages/a6/ed/c5510c615dce55b6fcc364aa1838142f938beed64f5e4927490dfcaf4405/nh3-0.3.7-cp38-abi3-manylinux_2_17_x86_64.manylinux2014_x86_64.whl,70f5ac8626e899a4bab0ef74ca2f5bd602f49c7b739e6e5026b4afc6d63dac42,,MIT,installed_metadata_license,,false
dev,packaging,26.3,wheel,https://files.pythonhosted.org/packages/63/34/ba1c580383c9eada3711951fef0795c80b829a078d72188184bcab9dd527/packaging-26.3-py3-none-any.whl,d7193f7c8e4e93f444fde0262bf90af30e16fa0ad0ad44cb553c87339b23cd1c,,Apache-2.0 OR BSD-2-Clause,core_metadata_license_expression,,false
dev,pycparser,3.0,wheel,https://files.pythonhosted.org/packages/0c/c3/44f3fbbfa403ea2a7c779186dc20772604442dde72947e7d01069cbe98e3/pycparser-3.0-py3-none-any.whl,b727414169a36b7d524c1c3e31839a521725078d7b2ff038656844266160a992,,BSD-3-Clause,core_metadata_license_expression,,false
dev,pygments,2.21.0,wheel,https://files.pythonhosted.org/packages/71/46/17f022dd3e953bf20a04a028a21ec746d942f8d2af30fa0f124fa0e6a684/pygments-2.21.0-py3-none-any.whl,2363c69b61c4a97c838da3b130dcd6468f4848992b21a82f2a63ec34377137d9,,BSD-2-Clause,core_metadata_license_expression,,false
dev,pyproject-hooks,1.2.0,wheel,https://files.pythonhosted.org/packages/bd/24/12818598c362d7f300f18e74db45963dbcb85150324092410c8b49405e42/pyproject_hooks-1.2.0-py3-none-any.whl,9e5c6bfa8dcc30091c74b0cf803c81fdd29d94f01992a7707bc97babb1141913,,MIT,installed_metadata_classifier,,false
dev,readme-renderer,45.0,wheel,https://files.pythonhosted.org/packages/97/1b/295bf2fa3e740131778065e5ffa2c481f0e7210182d408e9a2c244ff5b0c/readme_renderer-45.0-py3-none-any.whl,3385ed220117104a2bceb4a9dac8c5fdf6d1f96890d7ea2a9c7174fd5c84091f,,Apache-2.0,core_metadata_license_expression,,false
dev,requests,2.34.2,wheel,https://files.pythonhosted.org/packages/a0/f4/c67b0b3f1b9245e8d266f0f112c500d50e5b4e83cb6f3b71b6528104182a/requests-2.34.2-py3-none-any.whl,2a0d60c172f83ac6ab31e4554906c0f3b3588d37b5cb939b1c061f4907e278e0,,Apache-2.0,installed_metadata_license,,false
dev,requests-toolbelt,1.0.0,wheel,https://files.pythonhosted.org/packages/3f/51/d4db610ef29373b879047326cbf6fa98b6c1969d6f6dc423279de2b1be2c/requests_toolbelt-1.0.0-py2.py3-none-any.whl,cccfdd665f0a24fcf4726e690f65639d272bb0637b9b92dfd91a5568ccf6bd06,,Apache-2.0,installed_metadata_license,,false
dev,rfc3986,2.0.0,wheel,https://files.pythonhosted.org/packages/ff/9a/9afaade874b2fa6c752c36f1548f718b5b83af81ed9b76628329dab81c1b/rfc3986-2.0.0-py2.py3-none-any.whl,50b1502b60e289cb37883f3dfd34532b8873c7de9f49bb546641ce9cbd256ebd,,Apache-2.0,installed_metadata_license,,false
dev,rich,15.0.0,wheel,https://files.pythonhosted.org/packages/82/3b/64d4899d73f91ba49a8c18a8ff3f0ea8f1c1d75481760df8c68ef5235bf5/rich-15.0.0-py3-none-any.whl,33bd4ef74232fb73fe9279a257718407f169c09b78a87ad3d296f548e27de0bb,,MIT,installed_metadata_license,,false
dev,secretstorage,3.5.0,wheel,https://files.pythonhosted.org/packages/b7/46/f5af3402b579fd5e11573ce652019a67074317e18c1935cc0b4ba9b35552/secretstorage-3.5.0-py3-none-any.whl,0ce65888c0725fcb2c5bc0fdb8e5438eece02c523557ea40ce0703c266248137,,BSD-3-Clause,core_metadata_license_expression,,false
dev,twine,6.2.0,wheel,https://files.pythonhosted.org/packages/3a/7a/882d99539b19b1490cac5d77c67338d126e4122c8276bf640e411650c830/twine-6.2.0-py3-none-any.whl,418ebf08ccda9a8caaebe414433b0ba5e25eb5e4a927667122fbe8f829f985d8,,Apache-2.0,core_metadata_license_expression,,false
dev,urllib3,2.7.0,wheel,https://files.pythonhosted.org/packages/7f/3e/5db95bcf282c52709639744ca2a8b149baccf648e39c8cc87553df9eae0c/urllib3-2.7.0-py3-none-any.whl,9fb4c81ebbb1ce9531cce37674bbc6f1360472bc18ca9a553ede278ef7276897,,MIT,core_metadata_license_expression,,false
quick-demo,numpy,2.0.2,wheel,https://files.pythonhosted.org/packages/39/68/e9f1126d757653496dbc096cb429014347a36b228f5a991dae2c6b6cfd40/numpy-2.0.2-cp312-cp312-manylinux_2_17_x86_64.manylinux2014_x86_64.whl,0123ffdaa88fa4ab64835dcbde75dcdf89c453c922f18dced6e27c90d1d0ec5a,,BSD-3-Clause,installed_metadata_and_distribution_notices,Binary distribution includes separately licensed support libraries; consult the distribution notices.,false
quick-demo,opencv-python,4.12.0.88,wheel,https://files.pythonhosted.org/packages/68/1f/795e7f4aa2eacc59afa4fb61a2e35e510d06414dd5a802b51a012d691b37/opencv_python-4.12.0.88-cp37-abi3-manylinux2014_x86_64.manylinux_2_17_x86_64.whl,092c16da4c5a163a818f120c22c5e4a2f96e0db4f24e659c701f1fe629a690f9,,Apache-2.0,installed_metadata_and_distribution_notices,Wheel includes separately licensed wrapper and third-party notices; consult the distribution files.,false
science-cpu,antlr4-python3-runtime,4.9.3,sdist,https://files.pythonhosted.org/packages/3e/38/7859ff46355f76f8d19459005ca000b6e7012f2f1ca597746cbcd1fbfe5e/antlr4-python3-runtime-4.9.3.tar.gz,f224469b4168294902bb1efa80a8bf7855f24c99aef99cbefc1bcd3cce77881b,,NOASSERTION,installed_metadata_ambiguous_bsd_label,Installed metadata states BSD without a variant and declares no license file.,false
science-cpu,contourpy,1.3.3,wheel,https://files.pythonhosted.org/packages/cc/8f/ec6289987824b29529d0dfda0d74a07cec60e54b9c92f3c9da4c0ac732de/contourpy-1.3.3-cp312-cp312-manylinux_2_27_x86_64.manylinux_2_28_x86_64.whl,4d00e655fcef08aba35ec9610536bfe90267d7ab5ba944f7032549c55a146da1,,BSD-3-Clause,installed_license_file,,false
science-cpu,cycler,0.12.1,wheel,https://files.pythonhosted.org/packages/e7/05/c19819d5e3d95294a6f5947fb9b9629efb316b96de511b418c53d245aae6/cycler-0.12.1-py3-none-any.whl,85cef7cff222d8644161529808465972e51340599459b8ac3ccbac5a854e0d30,,BSD-3-Clause,installed_license_file,,false
science-cpu,filelock,3.32.4,wheel,https://files.pythonhosted.org/packages/01/a4/9b63d595d748e3aff8812b65eacc1a2c4bd90b7c2012e08e72373b4835eb/filelock-3.32.4-py3-none-any.whl,22e58ca3b1ae3b98993b762d7338367ae64fe50252bf78d59da3bfebcdf1cedd,,MIT,core_metadata_license_expression,,false
science-cpu,fonttools,4.63.0,wheel,https://files.pythonhosted.org/packages/77/c7/2342da9830e3e9d4870305ca5d2091d2a83284f2953079b7bdd3b5e029d8/fonttools-4.63.0-cp312-cp312-manylinux2014_x86_64.manylinux_2_17_x86_64.whl,58dc6bb86a78d782f00f9190ca02c119cf5bbe2807536e361e18d42019f877d8,,MIT,installed_metadata_and_distribution_notices,Wheel includes SIL-OFL-1.1 test fonts; consult LICENSE.external.,false
science-cpu,fsspec,2026.7.0,wheel,https://files.pythonhosted.org/packages/fd/3c/6a2bf344106328fd04963664a60b9bb6496fc25df8e962fcdc1367285fb9/fsspec-2026.7.0-py3-none-any.whl,b57ddbafedfaef7018c1ecab32aa200a9d7ca26b77965f64e48b70061249d279,,BSD-3-Clause,core_metadata_license_expression,,false
science-cpu,hydra-core,1.3.2,wheel,https://files.pythonhosted.org/packages/c6/50/e0edd38dcd63fb26a8547f13d28f7a008bc4a3fd4eb4ff030673f22ad41a/hydra_core-1.3.2-py3-none-any.whl,fa0238a9e31df3373b35b0bfb672c34cc92718d21f81311d8996a16de1141d8b,,MIT,installed_metadata_license,,false
science-cpu,imbalanced-learn,0.14.0,wheel,https://files.pythonhosted.org/packages/65/60/103dc71019ec2fa987f42f9dbe88641a74edc57f8499fac8896955b66065/imbalanced_learn-0.14.0-py3-none-any.whl,8a8700c02ca185e113064815513f990fbf84eb4e7701f1d4e944ce67fb259a60,,MIT,installed_metadata_classifier,,false
science-cpu,iopath,0.1.10,sdist,https://files.pythonhosted.org/packages/72/73/b3d451dfc523756cf177d3ebb0af76dc7751b341c60e2a21871be400ae29/iopath-0.1.10.tar.gz,3311c16a4d9137223e20f141655759933e1eda24f8bff166af834af3c645ef01,,MIT,installed_metadata_license,,false
science-cpu,jinja2,3.1.6,wheel,https://files.pythonhosted.org/packages/62/a1/3d680cbfd5f4b8f15abc1d571870c5fc3e594bb582bc3b64ea099db13e56/jinja2-3.1.6-py3-none-any.whl,85ece4451f492d0c13c5dd7c13a64681a86afae63a5f347908daf103ce6d2f67,,BSD-3-Clause,installed_license_file,,false
science-cpu,joblib,1.5.3,wheel,https://files.pythonhosted.org/packages/7b/91/984aca2ec129e2757d1e4e3c81c3fcda9d0f85b74670a094cc443d9ee949/joblib-1.5.3-py3-none-any.whl,5fc3c5039fc5ca8c0276333a188bbd59d6b7ab37fe6632daa76bc7f9ec18e713,,BSD-3-Clause,core_metadata_license_expression,,false
science-cpu,kiwisolver,1.5.0,wheel,https://files.pythonhosted.org/packages/c4/13/680c54afe3e65767bed7ec1a15571e1a2f1257128733851ade24abcefbcc/kiwisolver-1.5.0-cp312-cp312-manylinux2014_x86_64.manylinux_2_17_x86_64.whl,bb5136fb5352d3f422df33f0c879a1b0c204004324150cc3b5e3c4f310c9049f,,BSD-3-Clause,installed_license_file,,false
science-cpu,markupsafe,3.0.3,wheel,https://files.pythonhosted.org/packages/3c/2e/8d0c2ab90a8c1d9a24f0399058ab8519a3279d1bd4289511d74e909f060e/markupsafe-3.0.3-cp312-cp312-manylinux2014_x86_64.manylinux_2_17_x86_64.manylinux_2_28_x86_64.whl,d6dd0be5b5b189d31db7cda48b91d7e0a9795f31430b7f271219ab30f1d3ac9d,,BSD-3-Clause,core_metadata_license_expression,,false
science-cpu,matplotlib,3.10.7,wheel,https://files.pythonhosted.org/packages/7d/18/95ae2e242d4a5c98bd6e90e36e128d71cf1c7e39b0874feaed3ef782e789/matplotlib-3.10.7-cp312-cp312-manylinux2014_x86_64.manylinux_2_17_x86_64.whl,d5f256d49fea31f40f166a5e3131235a5d2f4b7f44520b1cf0baf1ce568ccff0,,LicenseRef-Matplotlib-1.3,installed_metadata_and_distribution_notices,Wheel includes separately licensed font files; consult the distribution notices.,false
science-cpu,mpmath,1.3.0,wheel,https://files.pythonhosted.org/packages/43/e3/7d92a15f894aa0c9c4b49b8ee9ac9850d6e63b03c9c32c0367a13ae62209/mpmath-1.3.0-py3-none-any.whl,a0b2b9fe80bbcd81a6647ff13108738cfb482d481d826cc0e02f5b35e5c88d2c,,BSD-3-Clause,installed_license_file,,false
science-cpu,networkx,3.6.1,wheel,https://files.pythonhosted.org/packages/9e/c9/b2622292ea83fbb4ec318f5b9ab867d0a28ab43c5717bb85b0a5f6b3b0a4/networkx-3.6.1-py3-none-any.whl,d47fbf302e7d9cbbb9e2555a0d267983d2aa476bac30e90dfbe5669bd57f3762,,BSD-3-Clause,core_metadata_license_expression,,false
science-cpu,numpy,2.0.2,wheel,https://files.pythonhosted.org/packages/39/68/e9f1126d757653496dbc096cb429014347a36b228f5a991dae2c6b6cfd40/numpy-2.0.2-cp312-cp312-manylinux_2_17_x86_64.manylinux2014_x86_64.whl,0123ffdaa88fa4ab64835dcbde75dcdf89c453c922f18dced6e27c90d1d0ec5a,,BSD-3-Clause,installed_metadata_and_distribution_notices,Binary distribution includes separately licensed support libraries; consult the distribution notices.,false
science-cpu,omegaconf,2.3.0,wheel,https://files.pythonhosted.org/packages/e3/94/1843518e420fa3ed6919835845df698c7e27e183cb997394e4a670973a65/omegaconf-2.3.0-py3-none-any.whl,7b4df175cdb08ba400f45cae3bdcae7ba8365db4d165fc65fd04b050ab63b46b,,BSD-3-Clause,installed_license_file,,false
science-cpu,opencv-python,4.12.0.88,wheel,https://files.pythonhosted.org/packages/68/1f/795e7f4aa2eacc59afa4fb61a2e35e510d06414dd5a802b51a012d691b37/opencv_python-4.12.0.88-cp37-abi3-manylinux2014_x86_64.manylinux_2_17_x86_64.whl,092c16da4c5a163a818f120c22c5e4a2f96e0db4f24e659c701f1fe629a690f9,,Apache-2.0,installed_metadata_and_distribution_notices,Wheel includes separately licensed wrapper and third-party notices; consult the distribution files.,false
science-cpu,packaging,26.3,wheel,https://files.pythonhosted.org/packages/63/34/ba1c580383c9eada3711951fef0795c80b829a078d72188184bcab9dd527/packaging-26.3-py3-none-any.whl,d7193f7c8e4e93f444fde0262bf90af30e16fa0ad0ad44cb553c87339b23cd1c,,Apache-2.0 OR BSD-2-Clause,core_metadata_license_expression,,false
science-cpu,pandas,2.3.3,wheel,https://files.pythonhosted.org/packages/e5/63/cd7d615331b328e287d8233ba9fdf191a9c2d11b6af0c7a59cfcec23de68/pandas-2.3.3-cp312-cp312-manylinux_2_24_x86_64.manylinux_2_28_x86_64.whl,b3d11d2fda7eb164ef27ffc14b4fcab16a80e1ce67e9f57e19ec0afaf715ba89,,BSD-3-Clause,installed_metadata_and_distribution_notices,Wheel license metadata records separately licensed support components; consult the distribution notices.,false
science-cpu,pillow,11.3.0,wheel,https://files.pythonhosted.org/packages/e4/c9/06dd4a38974e24f932ff5f98ea3c546ce3f8c995d3f0985f8e5ba48bba19/pillow-11.3.0-cp312-cp312-manylinux_2_27_x86_64.manylinux_2_28_x86_64.whl,676b2815362456b5b3216b4fd5bd89d362100dc6f4945154ff172e206a22c024,,MIT-CMU,core_metadata_license_expression,,false
science-cpu,portalocker,3.2.0,wheel,https://files.pythonhosted.org/packages/4b/a6/38c8e2f318bf67d338f4d629e93b0b4b9af331f455f0390ea8ce4a099b26/portalocker-3.2.0-py3-none-any.whl,3cdc5f565312224bc570c49337bd21428bba0ef363bbcf58b9ef4a9f11779968,,BSD-3-Clause,core_metadata_license_expression,,false
science-cpu,pyparsing,3.3.2,wheel,https://files.pythonhosted.org/packages/10/bd/c038d7cc38edc1aa5bf91ab8068b63d4308c66c4c8bb3cbba7dfbc049f9c/pyparsing-3.3.2-py3-none-any.whl,850ba148bd908d7e2411587e247a1e4f0327839c40e2e5e6d05a007ecc69911d,,MIT,core_metadata_license_expression,,false
science-cpu,python-dateutil,2.9.0.post0,wheel,https://files.pythonhosted.org/packages/ec/57/56b9bcc3c9c6a792fcbaf139543cee77261f3651ca9da0c93f5c1221264b/python_dateutil-2.9.0.post0-py2.py3-none-any.whl,a8b2bc7bffae282281c8140a97d3aa9c14da0b136dfe83f850eea9a5f7470427,,Apache-2.0 OR BSD-3-Clause,installed_license_file,,false
science-cpu,pytz,2026.3.post1,wheel,https://files.pythonhosted.org/packages/0f/7b/39c34ca613b0b198cb866466651b26b045e2009864c5183c979a3b83f383/pytz-2026.3.post1-py2.py3-none-any.whl,dd95840dd199baea12d9cc096a1d452caa6596a1c1e4b5f3dbd1541855d5e815,,MIT,installed_license_file,,false
science-cpu,pyyaml,6.0.3,wheel,https://files.pythonhosted.org/packages/8b/9d/b3589d3877982d4f2329302ef98a8026e7f4443c765c46cfecc8858c6b4b/pyyaml-6.0.3-cp312-cp312-manylinux2014_x86_64.manylinux_2_17_x86_64.manylinux_2_28_x86_64.whl,ba1cc08a7ccde2d2ec775841541641e4548226580ab850948cbfda66a1befcdc,,MIT,installed_metadata_license,,false
science-cpu,sam-2,1.0,vcs,git+https://github.com/facebookresearch/sam2.git@2b90b9f5ceec907a1c18123530e92e794ad901a4,,2b90b9f5ceec907a1c18123530e92e794ad901a4,Apache-2.0,upstream_license_and_pep610_vcs_identity,Source includes an additional BSD-3-Clause cctorch license file; consult the distribution files.,false
science-cpu,scikit-learn,1.7.2,wheel,https://files.pythonhosted.org/packages/5c/d0/0c577d9325b05594fdd33aa970bf53fb673f051a45496842caee13cfd7fe/scikit_learn-1.7.2-cp312-cp312-manylinux2014_x86_64.manylinux_2_17_x86_64.whl,e5bf3d930aee75a65478df91ac1225ff89cd28e9ac7bd1196853a9229b6adb0b,,BSD-3-Clause,installed_license_file,,false
science-cpu,scipy,1.16.2,wheel,https://files.pythonhosted.org/packages/53/11/a0160990b82999b45874dc60c0c183d3a3a969a563fffc476d5a9995c407/scipy-1.16.2-cp312-cp312-manylinux2014_x86_64.manylinux_2_17_x86_64.whl,f66bd07ba6f84cd4a380b41d1bf3c59ea488b590a2ff96744845163309ee8e2f,,BSD-3-Clause,installed_metadata_and_distribution_notices,Binary distribution includes separately licensed support libraries; consult the distribution notices.,false
science-cpu,six,1.17.0,wheel,https://files.pythonhosted.org/packages/b7/ce/149a00dd41f10bc29e5921b496af8b574d8413afcd5e30dfa0ed46c2cc5e/six-1.17.0-py2.py3-none-any.whl,4721f391ed90541fddacab5acf947aa0d3dc7d27b2e1e8eda2be8970586c3274,,MIT,installed_license_file,,false
science-cpu,sympy,1.14.0,wheel,https://files.pythonhosted.org/packages/a2/09/77d55d46fd61b4a135c444fc97158ef34a095e5681d0a6c10b75bf356191/sympy-1.14.0-py3-none-any.whl,e091cc3e99d2141a0ba2847328f5479b05d94a6635cb96148ccb3f34671bd8f5,,BSD-3-Clause,installed_license_file,,false
science-cpu,tabulate,0.9.0,wheel,https://files.pythonhosted.org/packages/40/44/4a5f08c96eb108af5cb50b41f76142f0afa346dfa99d5296fe7202a11854/tabulate-0.9.0-py3-none-any.whl,024ca478df22e9340661486f85298cff5f6dcdba14f3813e8830015b9ed1948f,,MIT,installed_license_file,,false
science-cpu,threadpoolctl,3.6.0,wheel,https://files.pythonhosted.org/packages/32/d5/f9a850d79b0851d1d4ef6456097579a9005b31fea68726a4ae5f2d82ddd9/threadpoolctl-3.6.0-py3-none-any.whl,43a0b8fd5a2928500110039e43a5eed8480b918967083ea48dc3ab9f13c4a7fb,,BSD-3-Clause,installed_metadata_license,,false
science-cpu,torch,2.9.0+cpu,wheel,https://download-r2.pytorch.org/whl/cpu/torch-2.9.0%2Bcpu-cp312-cp312-manylinux_2_28_x86_64.whl,28f6eb31b08180a5c5e98d5bc14eef6909c9f5a1dbff9632c3e02a8773449349,,BSD-3-Clause,installed_metadata_license,Wheel includes a packaged NOTICE file; consult the distribution files.,false
science-cpu,torchvision,0.24.0+cpu,wheel,https://download-r2.pytorch.org/whl/cpu/torchvision-0.24.0%2Bcpu-cp312-cp312-manylinux_2_28_x86_64.whl,baa37f80155a3b055911d5c2418be1e16b95bb69f671dbb0d07d67504093e23d,,BSD-3-Clause,installed_license_file,,false
science-cpu,tqdm,4.67.1,wheel,https://files.pythonhosted.org/packages/d0/30/dc54f88dd4a2b5dc8a0279bdd7270e735851848b762aeb1c1184ed1f6b14/tqdm-4.67.1-py3-none-any.whl,26445eca388f82e72884e0d580d5464cd801a3ea01e63e5601bdff9ba6a48de2,,MPL-2.0 AND MIT,installed_metadata_license,,false
science-cpu,typing-extensions,4.16.0,wheel,https://files.pythonhosted.org/packages/49/d3/b8441a820a491ddfc024b0b0cf0393375b75ea13866d9c66727e54c2fc80/typing_extensions-4.16.0-py3-none-any.whl,481caa481374e813c1b176ada14e97f1f67a4539ce9cfeb3f350d78d6370c2e8,,PSF-2.0,core_metadata_license_expression,,false
science-cpu,tzdata,2026.3,wheel,https://files.pythonhosted.org/packages/e5/6d/b53b99a9f2766d095985947a5782f1702cabb129a34f7a802d7197af832f/tzdata-2026.3-py2.py3-none-any.whl,dc096730c87af6cab1b171c9d532be840741ff5d459015e7f6947bd7d7e54931,,Apache-2.0,installed_license_file,Wheel contains IANA time-zone data; consult the distribution license files.,false
science-cpu,xgboost-cpu,2.1.1,wheel,https://files.pythonhosted.org/packages/d4/76/9f76e4cfa098d93d783d89d697adc7a5fbaf25fb88e38e3e766d469b9d7b/xgboost_cpu-2.1.1-py3-none-manylinux2014_x86_64.whl,b81035bfe83542bcad54eac0ef901d42a56798f9709990bdbdcbace93ef2fa34,,Apache-2.0,installed_metadata_license,,false
science-gpu,antlr4-python3-runtime,4.9.3,sdist,https://files.pythonhosted.org/packages/3e/38/7859ff46355f76f8d19459005ca000b6e7012f2f1ca597746cbcd1fbfe5e/antlr4-python3-runtime-4.9.3.tar.gz,f224469b4168294902bb1efa80a8bf7855f24c99aef99cbefc1bcd3cce77881b,,NOASSERTION,installed_metadata_ambiguous_bsd_label,Installed metadata states BSD without a variant and declares no license file.,false
science-gpu,contourpy,1.3.3,wheel,https://files.pythonhosted.org/packages/cc/8f/ec6289987824b29529d0dfda0d74a07cec60e54b9c92f3c9da4c0ac732de/contourpy-1.3.3-cp312-cp312-manylinux_2_27_x86_64.manylinux_2_28_x86_64.whl,4d00e655fcef08aba35ec9610536bfe90267d7ab5ba944f7032549c55a146da1,,BSD-3-Clause,installed_license_file,,false
science-gpu,cuda-bindings,13.3.1,wheel,https://files.pythonhosted.org/packages/39/2a/6d2e9047d1fb243dbaa364b01e0297534b9ed7fd27dba1c9f361519cf69b/cuda_bindings-13.3.1-cp312-cp312-manylinux_2_24_x86_64.manylinux_2_28_x86_64.whl,e32d08f71ebcdf00f0f41eab2eb37e8da94c8ed411cc9f7f7a019ce6b34abe3a,,LicenseRef-NVIDIA-SOFTWARE-LICENSE,core_metadata_license_expression,,false
science-gpu,cuda-pathfinder,1.8.0,wheel,https://files.pythonhosted.org/packages/a1/b1/ef21259ec74fe0b265ed201379de1d0ef7c14178313ee03705952f1b7093/cuda_pathfinder-1.8.0-py3-none-any.whl,c44e574dc997fae2814721d1ae97d0fd6db76db82decbe9b753bf75de53f515e,,Apache-2.0,core_metadata_license_expression,,false
science-gpu,cuda-toolkit,13.2.1,wheel,https://files.pythonhosted.org/packages/bd/6a/f79c134fa8e6d5fe028584933be063ce7961b1a85ce217f261cdda176e48/cuda_toolkit-13.2.1-py2.py3-none-any.whl,646d0e3668ce6f78f2312bb9cc0f668b9cbfcbef187eaa6a39eb2ea6dbec2a31,,LicenseRef-NVIDIA-SOFTWARE-LICENSE,publisher_distribution_metadata,Publisher metadata provides no SPDX expression; NVIDIA software license terms apply.,false
science-gpu,cupy-cuda13x,14.2.0,wheel,https://files.pythonhosted.org/packages/7e/bf/c4c25e97552320451afdcd459d4b6e0b715459594e998b23051c06db64c3/cupy_cuda13x-14.2.0-cp312-cp312-manylinux2014_x86_64.whl,9aafadbe29db3d4285026044aafeb28f2a3de4bd0df70718ec6892b7d27a4ded,,MIT,core_metadata_license_expression,,false
science-gpu,cycler,0.12.1,wheel,https://files.pythonhosted.org/packages/e7/05/c19819d5e3d95294a6f5947fb9b9629efb316b96de511b418c53d245aae6/cycler-0.12.1-py3-none-any.whl,85cef7cff222d8644161529808465972e51340599459b8ac3ccbac5a854e0d30,,BSD-3-Clause,installed_license_file,,false
science-gpu,filelock,3.32.4,wheel,https://files.pythonhosted.org/packages/01/a4/9b63d595d748e3aff8812b65eacc1a2c4bd90b7c2012e08e72373b4835eb/filelock-3.32.4-py3-none-any.whl,22e58ca3b1ae3b98993b762d7338367ae64fe50252bf78d59da3bfebcdf1cedd,,MIT,core_metadata_license_expression,,false
science-gpu,fonttools,4.63.0,wheel,https://files.pythonhosted.org/packages/77/c7/2342da9830e3e9d4870305ca5d2091d2a83284f2953079b7bdd3b5e029d8/fonttools-4.63.0-cp312-cp312-manylinux2014_x86_64.manylinux_2_17_x86_64.whl,58dc6bb86a78d782f00f9190ca02c119cf5bbe2807536e361e18d42019f877d8,,MIT,installed_metadata_and_distribution_notices,Wheel includes SIL-OFL-1.1 test fonts; consult LICENSE.external.,false
science-gpu,fsspec,2026.7.0,wheel,https://files.pythonhosted.org/packages/fd/3c/6a2bf344106328fd04963664a60b9bb6496fc25df8e962fcdc1367285fb9/fsspec-2026.7.0-py3-none-any.whl,b57ddbafedfaef7018c1ecab32aa200a9d7ca26b77965f64e48b70061249d279,,BSD-3-Clause,core_metadata_license_expression,,false
science-gpu,hydra-core,1.3.5,wheel,https://files.pythonhosted.org/packages/9c/97/f9d463a6f3c7d0955753eca5cbbf35b596ac471dd13fe357211a53fd37be/hydra_core-1.3.5-py3-none-any.whl,a3ff35b4ea6794e4c83d993016f4bde4ac35797ebe7a08f30e83ed9341880331,,MIT,installed_metadata_license,,false
science-gpu,imbalanced-learn,0.14.0,wheel,https://files.pythonhosted.org/packages/65/60/103dc71019ec2fa987f42f9dbe88641a74edc57f8499fac8896955b66065/imbalanced_learn-0.14.0-py3-none-any.whl,8a8700c02ca185e113064815513f990fbf84eb4e7701f1d4e944ce67fb259a60,,MIT,installed_metadata_classifier,,false
science-gpu,iopath,0.1.10,sdist,https://files.pythonhosted.org/packages/72/73/b3d451dfc523756cf177d3ebb0af76dc7751b341c60e2a21871be400ae29/iopath-0.1.10.tar.gz,3311c16a4d9137223e20f141655759933e1eda24f8bff166af834af3c645ef01,,MIT,installed_metadata_license,,false
science-gpu,jinja2,3.1.6,wheel,https://files.pythonhosted.org/packages/62/a1/3d680cbfd5f4b8f15abc1d571870c5fc3e594bb582bc3b64ea099db13e56/jinja2-3.1.6-py3-none-any.whl,85ece4451f492d0c13c5dd7c13a64681a86afae63a5f347908daf103ce6d2f67,,BSD-3-Clause,installed_license_file,,false
science-gpu,joblib,1.5.3,wheel,https://files.pythonhosted.org/packages/7b/91/984aca2ec129e2757d1e4e3c81c3fcda9d0f85b74670a094cc443d9ee949/joblib-1.5.3-py3-none-any.whl,5fc3c5039fc5ca8c0276333a188bbd59d6b7ab37fe6632daa76bc7f9ec18e713,,BSD-3-Clause,core_metadata_license_expression,,false
science-gpu,kiwisolver,1.5.0,wheel,https://files.pythonhosted.org/packages/c4/13/680c54afe3e65767bed7ec1a15571e1a2f1257128733851ade24abcefbcc/kiwisolver-1.5.0-cp312-cp312-manylinux2014_x86_64.manylinux_2_17_x86_64.whl,bb5136fb5352d3f422df33f0c879a1b0c204004324150cc3b5e3c4f310c9049f,,BSD-3-Clause,installed_license_file,,false
science-gpu,markupsafe,3.0.3,wheel,https://files.pythonhosted.org/packages/3c/2e/8d0c2ab90a8c1d9a24f0399058ab8519a3279d1bd4289511d74e909f060e/markupsafe-3.0.3-cp312-cp312-manylinux2014_x86_64.manylinux_2_17_x86_64.manylinux_2_28_x86_64.whl,d6dd0be5b5b189d31db7cda48b91d7e0a9795f31430b7f271219ab30f1d3ac9d,,BSD-3-Clause,core_metadata_license_expression,,false
science-gpu,matplotlib,3.10.7,wheel,https://files.pythonhosted.org/packages/7d/18/95ae2e242d4a5c98bd6e90e36e128d71cf1c7e39b0874feaed3ef782e789/matplotlib-3.10.7-cp312-cp312-manylinux2014_x86_64.manylinux_2_17_x86_64.whl,d5f256d49fea31f40f166a5e3131235a5d2f4b7f44520b1cf0baf1ce568ccff0,,LicenseRef-Matplotlib-1.3,installed_metadata_and_distribution_notices,Wheel includes separately licensed font files; consult the distribution notices.,false
science-gpu,mpmath,1.3.0,wheel,https://files.pythonhosted.org/packages/43/e3/7d92a15f894aa0c9c4b49b8ee9ac9850d6e63b03c9c32c0367a13ae62209/mpmath-1.3.0-py3-none-any.whl,a0b2b9fe80bbcd81a6647ff13108738cfb482d481d826cc0e02f5b35e5c88d2c,,BSD-3-Clause,installed_license_file,,false
science-gpu,networkx,3.6.1,wheel,https://files.pythonhosted.org/packages/9e/c9/b2622292ea83fbb4ec318f5b9ab867d0a28ab43c5717bb85b0a5f6b3b0a4/networkx-3.6.1-py3-none-any.whl,d47fbf302e7d9cbbb9e2555a0d267983d2aa476bac30e90dfbe5669bd57f3762,,BSD-3-Clause,core_metadata_license_expression,,false
science-gpu,numpy,2.0.2,wheel,https://files.pythonhosted.org/packages/39/68/e9f1126d757653496dbc096cb429014347a36b228f5a991dae2c6b6cfd40/numpy-2.0.2-cp312-cp312-manylinux_2_17_x86_64.manylinux2014_x86_64.whl,0123ffdaa88fa4ab64835dcbde75dcdf89c453c922f18dced6e27c90d1d0ec5a,,BSD-3-Clause,installed_metadata_and_distribution_notices,Binary distribution includes separately licensed support libraries; consult the distribution notices.,false
science-gpu,nvidia-cublas,13.4.0.1,wheel,https://files.pythonhosted.org/packages/3d/ec/c9b2998aebe3149dee2769e501257e048c8701de51263925f4dff76ddedc/nvidia_cublas-13.4.0.1-py3-none-manylinux_2_27_x86_64.whl,53bf22e2ccbf644db74b6cc21cea7f5efb1a52aa64515438b430abbd05af4106,,LicenseRef-NVIDIA-SOFTWARE-LICENSE,publisher_distribution_metadata,NVIDIA binary distribution; consult the license terms packaged with the wheel.,false
science-gpu,nvidia-cuda-cupti,13.2.75,wheel,https://files.pythonhosted.org/packages/b7/2d/cbf8f6288259c502165282fdaa2b733daae98434e3f2aee2b7952ba87c6f/nvidia_cuda_cupti-13.2.75-py3-none-manylinux_2_25_x86_64.whl,f75aca6bef89c625a4076a820302bb06764daa1d21595286f6bee5e237d3a187,,LicenseRef-NVIDIA-SOFTWARE-LICENSE,publisher_distribution_metadata,NVIDIA binary distribution; consult the license terms packaged with the wheel.,false
science-gpu,nvidia-cuda-nvrtc,13.2.78,wheel,https://files.pythonhosted.org/packages/5f/96/237b40b171e06eb65905375c4ad5c96f78c2f861ac6e8ae7f650d95e1dfd/nvidia_cuda_nvrtc-13.2.78-py3-none-manylinux2010_x86_64.manylinux_2_12_x86_64.whl,a9049031da08cbedd0c20e3470e5a978dc330af0e0326b3b05774718c665dc3e,,LicenseRef-NVIDIA-SOFTWARE-LICENSE,publisher_distribution_metadata,NVIDIA binary distribution; consult the license terms packaged with the wheel.,false
science-gpu,nvidia-cuda-runtime,13.2.75,wheel,https://files.pythonhosted.org/packages/dc/74/f1493b0774c6eaf0234512bb650e1ab90ce8f61fecf0b4aaf1fb416f571e/nvidia_cuda_runtime-13.2.75-py3-none-manylinux2014_x86_64.manylinux_2_17_x86_64.whl,72bf454902da594e0b833cadeddc8b7100ce1c7cf7ed9023943931be1aa913b7,,LicenseRef-NVIDIA-SOFTWARE-LICENSE,publisher_distribution_metadata,NVIDIA binary distribution; consult the license terms packaged with the wheel.,false
science-gpu,nvidia-cudnn-cu13,9.20.0.48,wheel,https://files.pythonhosted.org/packages/6e/5e/edb9c0ae051602c3ccaffe424256463636d639e27d7f302dde9975ef9e7a/nvidia_cudnn_cu13-9.20.0.48-py3-none-manylinux_2_27_x86_64.whl,0c45dd8eeb50b603f07995b1b300c62ffe6a1980482b82b3bcf94a4ca9d49304,,LicenseRef-NVIDIA-SOFTWARE-LICENSE,publisher_distribution_metadata,NVIDIA binary distribution; consult the license terms packaged with the wheel.,false
science-gpu,nvidia-cufft,12.2.0.46,wheel,https://files.pythonhosted.org/packages/36/3e/8d717a6e1f6e27b85b64650b1104dbcf6108c9dc7e27e9e26a0d8e936cc5/nvidia_cufft-12.2.0.46-py3-none-manylinux2014_x86_64.manylinux_2_17_x86_64.whl,a9667ae4d81b9e54ddbbad24a9e72334f89d4fc184566d05ef028e2760c820eb,,LicenseRef-NVIDIA-SOFTWARE-LICENSE,publisher_distribution_metadata,NVIDIA binary distribution; consult the license terms packaged with the wheel.,false
science-gpu,nvidia-cufile,1.17.1.22,wheel,https://files.pythonhosted.org/packages/23/c5/661a73a9042fc5f81cdd5fe6e89f4170b3b33f7962e709987e2b5e5f1381/nvidia_cufile-1.17.1.22-py3-none-manylinux_2_27_x86_64.whl,87feaf8c3ad20d3d03a01933181801ff6892bace5c8f0b1e4b48f319d3e62d36,,LicenseRef-NVIDIA-SOFTWARE-LICENSE,publisher_distribution_metadata,NVIDIA binary distribution; consult the license terms packaged with the wheel.,false
science-gpu,nvidia-curand,10.4.2.55,wheel,https://files.pythonhosted.org/packages/f4/bc/f02a1d180d288e49b1a4548698b59755e9c485ee39c041fdeaf4d2cc2117/nvidia_curand-10.4.2.55-py3-none-manylinux_2_27_x86_64.whl,b4080cab49d4939f8e46b2c195c76c698d2289835c36ede558836daa40000e70,,LicenseRef-NVIDIA-SOFTWARE-LICENSE,publisher_distribution_metadata,NVIDIA binary distribution; consult the license terms packaged with the wheel.,false
science-gpu,nvidia-cusolver,12.2.0.1,wheel,https://files.pythonhosted.org/packages/6b/97/a3c41eac54c89f6aac788d2b3ccd6642b32aa6b79650af3dedb8ee7c2bfa/nvidia_cusolver-12.2.0.1-py3-none-manylinux_2_27_x86_64.whl,4693ea3c2a5d20369da7b5a4970a41df9b40f1b6f2ef9909c95f7c8c8c5ffb4d,,LicenseRef-NVIDIA-SOFTWARE-LICENSE,publisher_distribution_metadata,NVIDIA binary distribution; consult the license terms packaged with the wheel.,false
science-gpu,nvidia-cusparse,12.7.10.1,wheel,https://files.pythonhosted.org/packages/b7/bd/bad43b37bcf13167637bef26399693d517b95092d742e8749eda5f4a85f3/nvidia_cusparse-12.7.10.1-py3-none-manylinux2014_x86_64.manylinux_2_17_x86_64.whl,f0d110640aa63e7182fa787cc245afa07c5fb84ac30f1c4029e4fa3012353172,,LicenseRef-NVIDIA-SOFTWARE-LICENSE,publisher_distribution_metadata,NVIDIA binary distribution; consult the license terms packaged with the wheel.,false
science-gpu,nvidia-cusparselt-cu13,0.8.1,wheel,https://files.pythonhosted.org/packages/34/7d/2661f2fb3ac4302f3a246f5fc030213ac60c1fe0bce84f9783dbd831dbb7/nvidia_cusparselt_cu13-0.8.1-py3-none-manylinux2014_x86_64.whl,786ce87568c303fadb5afcc7102d454cd3040d75f6f8626f5db460d1871f4dd0,,LicenseRef-NVIDIA-SOFTWARE-LICENSE,publisher_distribution_metadata,NVIDIA binary distribution; consult the license terms packaged with the wheel.,false
science-gpu,nvidia-nccl-cu12,2.31.2,wheel,https://files.pythonhosted.org/packages/0f/36/104de52d6368f5b7f886e8fd252e0a438fe73a215e59b1b47f93a80ae2ea/nvidia_nccl_cu12-2.31.2-py3-none-manylinux_2_18_x86_64.whl,f9b1dc3c2a7e20176054144ebb3b32fea83b40402ee5d7ac7045cd11ecc956c0,,LicenseRef-NVIDIA-SOFTWARE-LICENSE,publisher_distribution_metadata,NVIDIA binary distribution; consult the license terms packaged with the wheel.,false
science-gpu,nvidia-nccl-cu13,2.29.7,wheel,https://files.pythonhosted.org/packages/67/f4/58e4e91b6919367c7aafb8e36fce9aad1a3047e536bf7e2fd560927d3a4c/nvidia_nccl_cu13-2.29.7-py3-none-manylinux_2_18_x86_64.whl,edd81538446786ec3b73972543e53bb43bcaf0bfc8ef76cb679fcc390ffe136d,,LicenseRef-NVIDIA-SOFTWARE-LICENSE,publisher_distribution_metadata,NVIDIA binary distribution; consult the license terms packaged with the wheel.,false
science-gpu,nvidia-nvjitlink,13.3.33,wheel,https://files.pythonhosted.org/packages/f0/ee/580ca6f29dcab0221db8706badca1bbbb084f1975c4d4e83329c3a7e31f0/nvidia_nvjitlink-13.3.33-py3-none-manylinux2010_x86_64.manylinux_2_12_x86_64.whl,26a6de7fb4c8fdaa7703d3dad720d6d427ddfea5c48a528fd97c11733ad830e5,,LicenseRef-NVIDIA-SOFTWARE-LICENSE,publisher_distribution_metadata,NVIDIA binary distribution; consult the license terms packaged with the wheel.,false
science-gpu,nvidia-nvshmem-cu13,3.4.5,wheel,https://files.pythonhosted.org/packages/3c/35/a9bf80a609e74e3b000fef598933235c908fcefcef9026042b8e6dfde2a9/nvidia_nvshmem_cu13-3.4.5-py3-none-manylinux2014_x86_64.manylinux_2_17_x86_64.whl,290f0a2ee94c9f3687a02502f3b9299a9f9fe826e6d0287ee18482e78d495b80,,LicenseRef-NVIDIA-SOFTWARE-LICENSE,publisher_distribution_metadata,NVIDIA binary distribution; consult the license terms packaged with the wheel.,false
science-gpu,nvidia-nvtx,13.2.75,wheel,https://files.pythonhosted.org/packages/b0/cc/314eac684677dced22b913b5d1b3d03adcbe59d6c7332c5d04f864cdb079/nvidia_nvtx-13.2.75-py3-none-manylinux1_x86_64.manylinux_2_5_x86_64.whl,2d7c24fc582d841493c6dc2cf017c25e4428cf583a3bd9e9325a65f0ecc65f73,,LicenseRef-NVIDIA-SOFTWARE-LICENSE,publisher_distribution_metadata,NVIDIA binary distribution; consult the license terms packaged with the wheel.,false
science-gpu,omegaconf,2.3.0,wheel,https://files.pythonhosted.org/packages/e3/94/1843518e420fa3ed6919835845df698c7e27e183cb997394e4a670973a65/omegaconf-2.3.0-py3-none-any.whl,7b4df175cdb08ba400f45cae3bdcae7ba8365db4d165fc65fd04b050ab63b46b,,BSD-3-Clause,installed_license_file,,false
science-gpu,opencv-python,4.12.0.88,wheel,https://files.pythonhosted.org/packages/68/1f/795e7f4aa2eacc59afa4fb61a2e35e510d06414dd5a802b51a012d691b37/opencv_python-4.12.0.88-cp37-abi3-manylinux2014_x86_64.manylinux_2_17_x86_64.whl,092c16da4c5a163a818f120c22c5e4a2f96e0db4f24e659c701f1fe629a690f9,,Apache-2.0,installed_metadata_and_distribution_notices,Wheel includes separately licensed wrapper and third-party notices; consult the distribution files.,false
science-gpu,packaging,26.3,wheel,https://files.pythonhosted.org/packages/63/34/ba1c580383c9eada3711951fef0795c80b829a078d72188184bcab9dd527/packaging-26.3-py3-none-any.whl,d7193f7c8e4e93f444fde0262bf90af30e16fa0ad0ad44cb553c87339b23cd1c,,Apache-2.0 OR BSD-2-Clause,core_metadata_license_expression,,false
science-gpu,pandas,2.3.3,wheel,https://files.pythonhosted.org/packages/e5/63/cd7d615331b328e287d8233ba9fdf191a9c2d11b6af0c7a59cfcec23de68/pandas-2.3.3-cp312-cp312-manylinux_2_24_x86_64.manylinux_2_28_x86_64.whl,b3d11d2fda7eb164ef27ffc14b4fcab16a80e1ce67e9f57e19ec0afaf715ba89,,BSD-3-Clause,installed_metadata_and_distribution_notices,Wheel license metadata records separately licensed support components; consult the distribution notices.,false
science-gpu,pillow,12.3.0,wheel,https://files.pythonhosted.org/packages/84/21/a35af28dcc61f37ed850a2d64c65c701321dfbf25085e469d5559360cbbf/pillow-12.3.0-cp312-cp312-manylinux_2_27_x86_64.manylinux_2_28_x86_64.whl,78cb2c6865a35ab8ff8b75fd122f6033b92a62c82801110e48ddd6c936a45d91,,MIT-CMU,core_metadata_license_expression,,false
science-gpu,portalocker,3.2.0,wheel,https://files.pythonhosted.org/packages/4b/a6/38c8e2f318bf67d338f4d629e93b0b4b9af331f455f0390ea8ce4a099b26/portalocker-3.2.0-py3-none-any.whl,3cdc5f565312224bc570c49337bd21428bba0ef363bbcf58b9ef4a9f11779968,,BSD-3-Clause,core_metadata_license_expression,,false
science-gpu,pyparsing,3.3.2,wheel,https://files.pythonhosted.org/packages/10/bd/c038d7cc38edc1aa5bf91ab8068b63d4308c66c4c8bb3cbba7dfbc049f9c/pyparsing-3.3.2-py3-none-any.whl,850ba148bd908d7e2411587e247a1e4f0327839c40e2e5e6d05a007ecc69911d,,MIT,core_metadata_license_expression,,false
science-gpu,python-dateutil,2.9.0.post0,wheel,https://files.pythonhosted.org/packages/ec/57/56b9bcc3c9c6a792fcbaf139543cee77261f3651ca9da0c93f5c1221264b/python_dateutil-2.9.0.post0-py2.py3-none-any.whl,a8b2bc7bffae282281c8140a97d3aa9c14da0b136dfe83f850eea9a5f7470427,,Apache-2.0 OR BSD-3-Clause,installed_license_file,,false
science-gpu,pytz,2026.3.post1,wheel,https://files.pythonhosted.org/packages/0f/7b/39c34ca613b0b198cb866466651b26b045e2009864c5183c979a3b83f383/pytz-2026.3.post1-py2.py3-none-any.whl,dd95840dd199baea12d9cc096a1d452caa6596a1c1e4b5f3dbd1541855d5e815,,MIT,installed_license_file,,false
science-gpu,pyyaml,6.0.3,wheel,https://files.pythonhosted.org/packages/8b/9d/b3589d3877982d4f2329302ef98a8026e7f4443c765c46cfecc8858c6b4b/pyyaml-6.0.3-cp312-cp312-manylinux2014_x86_64.manylinux_2_17_x86_64.manylinux_2_28_x86_64.whl,ba1cc08a7ccde2d2ec775841541641e4548226580ab850948cbfda66a1befcdc,,MIT,installed_metadata_license,,false
science-gpu,sam-2,1.0,vcs,git+https://github.com/facebookresearch/sam2.git@2b90b9f5ceec907a1c18123530e92e794ad901a4,,2b90b9f5ceec907a1c18123530e92e794ad901a4,Apache-2.0,upstream_license_and_pep610_vcs_identity,Source includes an additional BSD-3-Clause cctorch license file; consult the distribution files.,false
science-gpu,scikit-learn,1.7.2,wheel,https://files.pythonhosted.org/packages/5c/d0/0c577d9325b05594fdd33aa970bf53fb673f051a45496842caee13cfd7fe/scikit_learn-1.7.2-cp312-cp312-manylinux2014_x86_64.manylinux_2_17_x86_64.whl,e5bf3d930aee75a65478df91ac1225ff89cd28e9ac7bd1196853a9229b6adb0b,,BSD-3-Clause,installed_license_file,,false
science-gpu,scipy,1.16.2,wheel,https://files.pythonhosted.org/packages/53/11/a0160990b82999b45874dc60c0c183d3a3a969a563fffc476d5a9995c407/scipy-1.16.2-cp312-cp312-manylinux2014_x86_64.manylinux_2_17_x86_64.whl,f66bd07ba6f84cd4a380b41d1bf3c59ea488b590a2ff96744845163309ee8e2f,,BSD-3-Clause,installed_metadata_and_distribution_notices,Binary distribution includes separately licensed support libraries; consult the distribution notices.,false
science-gpu,setuptools,84.0.0,wheel,https://files.pythonhosted.org/packages/95/9c/c510029fc6ef33a6275cd2c5d3cecd6613dfd6aa401d57c54f1c18852ccf/setuptools-84.0.0-py3-none-any.whl,51a52592b3b99e102b609654876bd65f19f999935166d1352678931132b0c670,,MIT,core_metadata_license_expression,,false
science-gpu,six,1.17.0,wheel,https://files.pythonhosted.org/packages/b7/ce/149a00dd41f10bc29e5921b496af8b574d8413afcd5e30dfa0ed46c2cc5e/six-1.17.0-py2.py3-none-any.whl,4721f391ed90541fddacab5acf947aa0d3dc7d27b2e1e8eda2be8970586c3274,,MIT,installed_license_file,,false
science-gpu,sympy,1.14.0,wheel,https://files.pythonhosted.org/packages/a2/09/77d55d46fd61b4a135c444fc97158ef34a095e5681d0a6c10b75bf356191/sympy-1.14.0-py3-none-any.whl,e091cc3e99d2141a0ba2847328f5479b05d94a6635cb96148ccb3f34671bd8f5,,BSD-3-Clause,installed_license_file,,false
science-gpu,tabulate,0.9.0,wheel,https://files.pythonhosted.org/packages/40/44/4a5f08c96eb108af5cb50b41f76142f0afa346dfa99d5296fe7202a11854/tabulate-0.9.0-py3-none-any.whl,024ca478df22e9340661486f85298cff5f6dcdba14f3813e8830015b9ed1948f,,MIT,installed_license_file,,false
science-gpu,threadpoolctl,3.6.0,wheel,https://files.pythonhosted.org/packages/32/d5/f9a850d79b0851d1d4ef6456097579a9005b31fea68726a4ae5f2d82ddd9/threadpoolctl-3.6.0-py3-none-any.whl,43a0b8fd5a2928500110039e43a5eed8480b918967083ea48dc3ab9f13c4a7fb,,BSD-3-Clause,installed_metadata_license,,false
science-gpu,torch,2.13.0+cu132,wheel,https://download-r2.pytorch.org/whl/cu132/torch-2.13.0%2Bcu132-cp312-cp312-manylinux_2_28_x86_64.whl,4c1800e216b46bae03483bc94dd73a23ea43c265ab51f865e28070ca045d10a8,,Apache-2.0 AND Apache-2.0 WITH LLVM-exception AND BSD-2-Clause AND BSD-3-Clause AND BSL-1.0 AND MIT,core_metadata_license_expression,Binary distribution includes separately licensed components; consult the packaged notices.,false
science-gpu,torchvision,0.28.0+cu132,wheel,https://download-r2.pytorch.org/whl/cu132/torchvision-0.28.0%2Bcu132-cp312-cp312-manylinux_2_28_x86_64.whl,4865f491c69cbb6e0a4ad54d849004974c0a7957b1e183427119c53f09ae5125,,BSD-3-Clause,installed_metadata_license,,false
science-gpu,tqdm,4.67.1,wheel,https://files.pythonhosted.org/packages/d0/30/dc54f88dd4a2b5dc8a0279bdd7270e735851848b762aeb1c1184ed1f6b14/tqdm-4.67.1-py3-none-any.whl,26445eca388f82e72884e0d580d5464cd801a3ea01e63e5601bdff9ba6a48de2,,MPL-2.0 AND MIT,installed_metadata_license,,false
science-gpu,triton,3.7.1,wheel,https://files.pythonhosted.org/packages/c4/6f/fb96d15db6f36d6eae4cafb998c2e0353bf59d7c4ea1662d7497f269134a/triton-3.7.1-cp312-cp312-manylinux_2_27_x86_64.manylinux_2_28_x86_64.whl,7e40869937a68206ec70d7f25bb7ec6433cb083f9135e1f36dbd318dc449a728,,MIT,installed_metadata_classifier,,false
science-gpu,typing-extensions,4.16.0,wheel,https://files.pythonhosted.org/packages/49/d3/b8441a820a491ddfc024b0b0cf0393375b75ea13866d9c66727e54c2fc80/typing_extensions-4.16.0-py3-none-any.whl,481caa481374e813c1b176ada14e97f1f67a4539ce9cfeb3f350d78d6370c2e8,,PSF-2.0,core_metadata_license_expression,,false
science-gpu,tzdata,2026.3,wheel,https://files.pythonhosted.org/packages/e5/6d/b53b99a9f2766d095985947a5782f1702cabb129a34f7a802d7197af832f/tzdata-2026.3-py2.py3-none-any.whl,dc096730c87af6cab1b171c9d532be840741ff5d459015e7f6947bd7d7e54931,,Apache-2.0,installed_license_file,Wheel contains IANA time-zone data; consult the distribution license files.,false
science-gpu,wheel,0.48.0,wheel,https://files.pythonhosted.org/packages/2e/29/69cfbb602cd91690c55d38ba9fe53e6a7e76a6fa647bf38f19c138d25449/wheel-0.48.0-py3-none-any.whl,3217dcc807155e45db462d7ef2431f5ddda0d7273b700d05a67b271ceb1287ab,,MIT,installed_metadata_classifier,,false
science-gpu,xgboost,2.1.1,wheel,https://files.pythonhosted.org/packages/20/2f/2ccc91db71096cdb8c5174948db738075d7e38cfece0815500336f6e4ca8/xgboost-2.1.1-py3-none-manylinux_2_28_x86_64.whl,6475ca35dede1f87d1dc485b362caba08f69f6020f4440e97b167676a533850e,,Apache-2.0,installed_metadata_license,,false
