notebook_id,cell_id,source_sha256,workflow_capability_group,public_release_disposition,implementation_symbol,cli_config_route,test_node_id,evidence_path
NB-LIVE-0001,NB-LIVE-0001-C0000,5f458551009ea653666f740ca440b7b7bea185688b23410a8ded1990ffe64650,feature-extraction,PUBLIC_REQUIRED_IMPLEMENTED,compag_curation.domain.features:run_feature_extraction_workflow,extract-features --variant coco-features --plan,tests.test_mapped_symbol_contracts.MappedSymbolContractTests.test_run_feature_extraction_workflow_contract,manifests/sealed_cell_classification_authority.csv#NB-LIVE-0001-C0000
NB-LIVE-0001,NB-LIVE-0001-C0001,4bda1e496ee93bf62a8f549aab74b28724993432c30088873b82c1cc02231c7f,feature-extraction,PUBLIC_REQUIRED_IMPLEMENTED,compag_curation.domain.features:run_feature_extraction_workflow,extract-features --variant coco-features --plan,tests.test_mapped_symbol_contracts.MappedSymbolContractTests.test_run_feature_extraction_workflow_contract,manifests/sealed_cell_classification_authority.csv#NB-LIVE-0001-C0001
NB-LIVE-0001,NB-LIVE-0001-C0002,993f2425d6b62786fdd47170414fc56d5dbededc3752b3b9c7547d72f9988e7d,feature-extraction,PUBLIC_REQUIRED_IMPLEMENTED,compag_curation.domain.features:run_feature_extraction_workflow,extract-features --variant coco-features --plan,tests.test_mapped_symbol_contracts.MappedSymbolContractTests.test_run_feature_extraction_workflow_contract,manifests/sealed_cell_classification_authority.csv#NB-LIVE-0001-C0002
NB-LIVE-0001,NB-LIVE-0001-C0003,e67b1fa566e66a65fde236fc6988d966b3c97cc39b5eaaa70df64c8242a6527b,feature-extraction,PUBLIC_REQUIRED_IMPLEMENTED,compag_curation.domain.features:run_feature_extraction_workflow,extract-features --variant coco-features --plan,tests.test_mapped_symbol_contracts.MappedSymbolContractTests.test_run_feature_extraction_workflow_contract,manifests/sealed_cell_classification_authority.csv#NB-LIVE-0001-C0003
NB-LIVE-0001,NB-LIVE-0001-C0004,87e05c9658822d7ec3bb8057e609f63d24bbe2f01685af6719700d13edcf71cc,feature-extraction,PUBLIC_REQUIRED_IMPLEMENTED,compag_curation.domain.features:run_feature_extraction_workflow,extract-features --variant coco-features --plan,tests.test_mapped_symbol_contracts.MappedSymbolContractTests.test_run_feature_extraction_workflow_contract,manifests/sealed_cell_classification_authority.csv#NB-LIVE-0001-C0004
NB-LIVE-0001,NB-LIVE-0001-C0005,ad4749f98bec71a502f977e5ff1f47f3b0da6fa7afd0b3ad41685085023fc5da,coco-xgb-training,PUBLIC_REQUIRED_IMPLEMENTED,compag_curation.domain.training:run_coco_xgb_training,train --variant coco-xgb --plan,tests.test_mapped_symbol_contracts.MappedSymbolContractTests.test_run_coco_xgb_training_contract,manifests/sealed_cell_classification_authority.csv#NB-LIVE-0001-C0005
NB-LIVE-0001,NB-LIVE-0001-C0006,c5c8a9d44888c7cbd066ba67d4eb2262d0ab0f570d1827019aac396838dfce61,coco-xgb-training,PUBLIC_REQUIRED_IMPLEMENTED,compag_curation.domain.training:run_coco_xgb_training,train --variant coco-xgb --plan,tests.test_mapped_symbol_contracts.MappedSymbolContractTests.test_run_coco_xgb_training_contract,manifests/sealed_cell_classification_authority.csv#NB-LIVE-0001-C0006
NB-LIVE-0001,NB-LIVE-0001-C0007,e81cce553ab2b0f154df46b6dc42d15f18c72ef114baeae3f6a7daea1da60055,feature-extraction,PUBLIC_REQUIRED_IMPLEMENTED,compag_curation.domain.features:run_feature_extraction_workflow,extract-features --variant coco-features --plan,tests.test_mapped_symbol_contracts.MappedSymbolContractTests.test_run_feature_extraction_workflow_contract,manifests/sealed_cell_classification_authority.csv#NB-LIVE-0001-C0007
NB-LIVE-0001,NB-LIVE-0001-C0008,86064eb3394410dc0ead5adc01098bace2bd327bd5529fb8a1536ae0ee022549,single-image-inference,PUBLIC_REQUIRED_IMPLEMENTED,compag_curation.domain.inference:run_single_image_inference,infer --variant sam2-xgb --plan,tests.test_mapped_symbol_contracts.MappedSymbolContractTests.test_run_single_image_inference_contract,manifests/sealed_cell_classification_authority.csv#NB-LIVE-0001-C0008
NB-LIVE-0001,NB-LIVE-0001-C0009,d61ebd61cd968aeb5516c0e0a6532b793bea5267c8d5b96ed7180628c5eaad1b,active-learning-review,PUBLIC_REQUIRED_IMPLEMENTED,compag_curation.domain.review:run_al_review,review --variant al-review-ui --plan,tests.test_mapped_symbol_contracts.MappedSymbolContractTests.test_run_al_review_contract,manifests/sealed_cell_classification_authority.csv#NB-LIVE-0001-C0009
NB-LIVE-0001,NB-LIVE-0001-C0010,82b3f2b9cc4d2f377e43601d1b1a18957ae1a4e1699b9adb8f78aad87c3a65ba,feature-extraction,PUBLIC_REQUIRED_IMPLEMENTED,compag_curation.domain.features:run_feature_extraction_workflow,extract-features --variant coco-features --plan,tests.test_mapped_symbol_contracts.MappedSymbolContractTests.test_run_feature_extraction_workflow_contract,manifests/sealed_cell_classification_authority.csv#NB-LIVE-0001-C0010
NB-LIVE-0004,NB-LIVE-0004-C0000,796b995053c01a7c5e0886d7975dce4cd0eb0635db6a86c634337e218568d2d4,coverage-evaluation,PUBLIC_REQUIRED_IMPLEMENTED,compag_curation.domain.evaluation:run_coverage_evaluation,evaluate --variant coverage-basic --plan,tests.test_mapped_symbol_contracts.MappedSymbolContractTests.test_run_coverage_evaluation_contract,manifests/sealed_cell_classification_authority.csv#NB-LIVE-0004-C0000
NB-LIVE-0004,NB-LIVE-0004-C0001,1f9f5f55a0628a736f94b4d76cfbbea783b29043aacbed95880d2299ff4ac37f,coverage-evaluation,PUBLIC_REQUIRED_IMPLEMENTED,compag_curation.domain.evaluation:run_coverage_evaluation,evaluate --variant coverage-basic --plan,tests.test_mapped_symbol_contracts.MappedSymbolContractTests.test_run_coverage_evaluation_contract,manifests/sealed_cell_classification_authority.csv#NB-LIVE-0004-C0001
NB-LIVE-0004,NB-LIVE-0004-C0003,347b535012e37bdfd9e542029b7ef22901f653cc68bbf22b35772db4827c7e95,coverage-evaluation,PUBLIC_REQUIRED_IMPLEMENTED,compag_curation.domain.evaluation:run_coverage_evaluation,evaluate --variant coverage-basic --plan,tests.test_mapped_symbol_contracts.MappedSymbolContractTests.test_run_coverage_evaluation_contract,manifests/sealed_cell_classification_authority.csv#NB-LIVE-0004-C0003
NB-LIVE-0004,NB-LIVE-0004-C0004,ad7145166d170b21f45a158154b672dc21b42c8e108e9f15cee45d4aa959c8cd,coverage-evaluation,PUBLIC_REQUIRED_IMPLEMENTED,compag_curation.domain.evaluation:run_coverage_evaluation,evaluate --variant coverage-basic --plan,tests.test_mapped_symbol_contracts.MappedSymbolContractTests.test_run_coverage_evaluation_contract,manifests/sealed_cell_classification_authority.csv#NB-LIVE-0004-C0004
NB-LIVE-0004,NB-LIVE-0004-C0005,e3ad03c3ae57f22a560454bcab3336519a562ada9e089bc97e854bf94b4ab00d,coverage-evaluation,PUBLIC_REQUIRED_IMPLEMENTED,compag_curation.domain.evaluation:run_coverage_evaluation,evaluate --variant coverage-basic --plan,tests.test_mapped_symbol_contracts.MappedSymbolContractTests.test_run_coverage_evaluation_contract,manifests/sealed_cell_classification_authority.csv#NB-LIVE-0004-C0005
NB-LIVE-0004,NB-LIVE-0004-C0006,9a813d4484b21b293f90c5c712303f139530a1fdca88905a6e35006be71b85df,coverage-evaluation,PUBLIC_REQUIRED_IMPLEMENTED,compag_curation.domain.evaluation:run_coverage_evaluation,evaluate --variant coverage-basic --plan,tests.test_mapped_symbol_contracts.MappedSymbolContractTests.test_run_coverage_evaluation_contract,manifests/sealed_cell_classification_authority.csv#NB-LIVE-0004-C0006
NB-LIVE-0005,NB-LIVE-0005-C0000,4f4c33a45129a0eab53520a4b27b6eba156c73609743419a1df38a2f2da0b96b,artifact-transfer,PUBLIC_REQUIRED_IMPLEMENTED,compag_curation.domain.transfer:transfer_result_tree,transfer --variant result-tree --plan,tests.test_mapped_symbol_contracts.MappedSymbolContractTests.test_transfer_result_tree_contract,manifests/sealed_cell_classification_authority.csv#NB-LIVE-0005-C0000
NB-LIVE-0005,NB-LIVE-0005-C0002,9c21652082ac1fc0db0be12adf7681574dc3a3ecc48212bc256a80206534bf95,artifact-transfer,PUBLIC_REQUIRED_IMPLEMENTED,compag_curation.domain.transfer:transfer_csv_text_probe,transfer --variant csv-and-text-probe --plan,tests.test_mapped_symbol_contracts.MappedSymbolContractTests.test_transfer_csv_text_probe_contract,manifests/sealed_cell_classification_authority.csv#NB-LIVE-0005-C0002
NB-LIVE-0005,NB-LIVE-0005-C0003,e14599f5aeb1bfebec51d21ee9920b27a7e9a93b028d3f1b128a39570a8e30f1,dataset-summary,PUBLIC_REQUIRED_IMPLEMENTED,compag_curation.domain.reporting:summarize_dataset,report --variant dataset-summary --plan,tests.test_mapped_symbol_contracts.MappedSymbolContractTests.test_summarize_dataset_contract,manifests/sealed_cell_classification_authority.csv#NB-LIVE-0005-C0003
NB-LIVE-0006,NB-LIVE-0006-C0000,4f6f6d7ad450c3abf0eac39303f9709903cb930e4e26c7ccc881f4d7693d1cd0,xgb-training,PUBLIC_REQUIRED_IMPLEMENTED,compag_curation.domain.training:train_xgb_classic,train --variant xgb --plan,tests.test_mapped_symbol_contracts.MappedSymbolContractTests.test_train_xgb_classic_contract,manifests/sealed_cell_classification_authority.csv#NB-LIVE-0006-C0000
NB-LIVE-0006,NB-LIVE-0006-C0001,42b7463eac1adc96d685d97677f98699bf5770d03687c49e4f6f6f1f34f5e020,xgb-training,PUBLIC_REQUIRED_IMPLEMENTED,compag_curation.domain.training:train_xgb_classic,train --variant xgb --plan,tests.test_mapped_symbol_contracts.MappedSymbolContractTests.test_train_xgb_classic_contract,manifests/sealed_cell_classification_authority.csv#NB-LIVE-0006-C0001
NB-LIVE-0006,NB-LIVE-0006-C0002,573c814cf97e0f8f40bd7a0770d89b2681d9451e2e4456eec1c65c13a74e55cd,xgb-training,PUBLIC_REQUIRED_IMPLEMENTED,compag_curation.domain.training:train_xgb_classic,train --variant xgb --plan,tests.test_mapped_symbol_contracts.MappedSymbolContractTests.test_train_xgb_classic_contract,manifests/sealed_cell_classification_authority.csv#NB-LIVE-0006-C0002
NB-LIVE-0007,NB-LIVE-0007-C0000,1f0f8dd1d182ec9b712fc94a3befcaba26aa44f14d3f615872ff414df49dbebe,xgb-training,PUBLIC_REQUIRED_IMPLEMENTED,compag_curation.domain.training:train_xgb_main,train --variant xgb-main --plan,tests.test_mapped_symbol_contracts.MappedSymbolContractTests.test_train_xgb_main_contract,manifests/sealed_cell_classification_authority.csv#NB-LIVE-0007-C0000
NB-LIVE-0007,NB-LIVE-0007-C0001,52b93f295f188b68ab86ec7004d2d9c95903a5a8ae9d52ce8e60c5e1fdc68545,xgb-training,PUBLIC_REQUIRED_IMPLEMENTED,compag_curation.domain.training:train_xgb_main,train --variant xgb-main --plan,tests.test_mapped_symbol_contracts.MappedSymbolContractTests.test_train_xgb_main_contract,manifests/sealed_cell_classification_authority.csv#NB-LIVE-0007-C0001
NB-LIVE-0007,NB-LIVE-0007-C0006,f62d362af029cce932f1a3691ee34f87d4943c4066546a1beff8eb5ed7b9b98e,xgb-training,PUBLIC_REQUIRED_IMPLEMENTED,compag_curation.domain.training:train_xgb_main,train --variant xgb-main --plan,tests.test_mapped_symbol_contracts.MappedSymbolContractTests.test_train_xgb_main_contract,manifests/sealed_cell_classification_authority.csv#NB-LIVE-0007-C0006
NB-LIVE-0007,NB-LIVE-0007-C0007,64a250f4a8d47e88f7350344ecbe0c5d443014ae3b8f3ba78e2480b1803d11cb,xgb-training,PUBLIC_REQUIRED_IMPLEMENTED,compag_curation.domain.training:train_xgb_main,train --variant xgb-main --plan,tests.test_mapped_symbol_contracts.MappedSymbolContractTests.test_train_xgb_main_contract,manifests/sealed_cell_classification_authority.csv#NB-LIVE-0007-C0007
NB-LIVE-0008,NB-LIVE-0008-C0000,1afed926509510fff9757a4d315f3d6a7cdf7beb4ca21a5b3254c8c9353d48e7,yolo-dataset-preparation,PUBLIC_REQUIRED_IMPLEMENTED,compag_curation.domain.proposals:prepare_yolo_dataset,propose --variant yolo-dataset-preparation --plan,tests.test_mapped_symbol_contracts.MappedSymbolContractTests.test_prepare_yolo_dataset_contract,manifests/sealed_cell_classification_authority.csv#NB-LIVE-0008-C0000
NB-LIVE-0008,NB-LIVE-0008-C0002,9990b4c060a0936495b4cf677de8414b973c8ae79f15bd610ad647677cbc19ca,local-yolo-training,PUBLIC_REQUIRED_IMPLEMENTED,compag_curation.domain.training:train_yolo_local,train --variant yolo --plan,tests.test_mapped_symbol_contracts.MappedSymbolContractTests.test_train_yolo_local_contract,manifests/sealed_cell_classification_authority.csv#NB-LIVE-0008-C0002
NB-LIVE-0010,NB-LIVE-0010-C0000,8db8d2b93718603da83cf905632318056c939cc56f3ac4a72f5526266bcac93b,meta-analysis,PUBLIC_REQUIRED_IMPLEMENTED,compag_curation.domain.evaluation:run_meta_analysis,evaluate --variant meta-analysis --plan,tests.test_mapped_symbol_contracts.MappedSymbolContractTests.test_run_meta_analysis_contract,manifests/sealed_cell_classification_authority.csv#NB-LIVE-0010-C0000
NB-LIVE-0010,NB-LIVE-0010-C0001,4cf95ed857966d3d3ccb18d0fe0d35135a0e82dab7b0a5a653495ddf1c5794a4,meta-analysis,PUBLIC_REQUIRED_IMPLEMENTED,compag_curation.domain.evaluation:run_meta_analysis,evaluate --variant meta-analysis --plan,tests.test_mapped_symbol_contracts.MappedSymbolContractTests.test_run_meta_analysis_contract,manifests/sealed_cell_classification_authority.csv#NB-LIVE-0010-C0001
NB-LIVE-0010,NB-LIVE-0010-C0002,6aee43195837903e1242556e362c402a0f731b75e95e436be50d677378c7d754,meta-analysis,PUBLIC_REQUIRED_IMPLEMENTED,compag_curation.domain.evaluation:run_meta_analysis,evaluate --variant meta-analysis --plan,tests.test_mapped_symbol_contracts.MappedSymbolContractTests.test_run_meta_analysis_contract,manifests/sealed_cell_classification_authority.csv#NB-LIVE-0010-C0002
NB-LIVE-0010,NB-LIVE-0010-C0003,5863824d3a893d8e33d16b0c1c97dfe26c881d40a3f0b20256644195f423f2ae,meta-analysis,PUBLIC_REQUIRED_IMPLEMENTED,compag_curation.domain.evaluation:run_meta_analysis,evaluate --variant meta-analysis --plan,tests.test_mapped_symbol_contracts.MappedSymbolContractTests.test_run_meta_analysis_contract,manifests/sealed_cell_classification_authority.csv#NB-LIVE-0010-C0003
NB-LIVE-0010,NB-LIVE-0010-C0004,bad8135710ddf7f442fa0e774d6d8da07d49fad98b1946f4058d5e0592956f46,meta-analysis,PUBLIC_REQUIRED_IMPLEMENTED,compag_curation.domain.evaluation:run_meta_analysis,evaluate --variant meta-analysis --plan,tests.test_mapped_symbol_contracts.MappedSymbolContractTests.test_run_meta_analysis_contract,manifests/sealed_cell_classification_authority.csv#NB-LIVE-0010-C0004
NB-LIVE-0010,NB-LIVE-0010-C0005,13ba1195a7fd89ed74d6b3ae5a8d86ec6faad49daa4685d0d66405180f3ed9a0,meta-analysis,PUBLIC_REQUIRED_IMPLEMENTED,compag_curation.domain.evaluation:run_meta_analysis,evaluate --variant meta-analysis --plan,tests.test_mapped_symbol_contracts.MappedSymbolContractTests.test_run_meta_analysis_contract,manifests/sealed_cell_classification_authority.csv#NB-LIVE-0010-C0005
NB-LIVE-0010,NB-LIVE-0010-C0006,7540e871e2e55e005ac75cd3c9ce3ee96a71873c93259204e63655fd00e0ec76,meta-analysis,PUBLIC_REQUIRED_IMPLEMENTED,compag_curation.domain.evaluation:run_meta_analysis,evaluate --variant meta-analysis --plan,tests.test_mapped_symbol_contracts.MappedSymbolContractTests.test_run_meta_analysis_contract,manifests/sealed_cell_classification_authority.csv#NB-LIVE-0010-C0006
NB-LIVE-0010,NB-LIVE-0010-C0007,1766bd750ab4352fcb00be012825dd1f37c86780db321b9ef6befaa05547521e,meta-analysis,PUBLIC_REQUIRED_IMPLEMENTED,compag_curation.domain.evaluation:run_meta_analysis,evaluate --variant meta-analysis --plan,tests.test_mapped_symbol_contracts.MappedSymbolContractTests.test_run_meta_analysis_contract,manifests/sealed_cell_classification_authority.csv#NB-LIVE-0010-C0007
NB-LIVE-0010,NB-LIVE-0010-C0008,b5bb67ca6dcdd826abc922cdb34e0ef90651c144a56788998fc7635459594126,meta-analysis,PUBLIC_REQUIRED_IMPLEMENTED,compag_curation.domain.evaluation:run_meta_analysis,evaluate --variant meta-analysis --plan,tests.test_mapped_symbol_contracts.MappedSymbolContractTests.test_run_meta_analysis_contract,manifests/sealed_cell_classification_authority.csv#NB-LIVE-0010-C0008
NB-LIVE-0010,NB-LIVE-0010-C0009,98804e1955fe21812e2d075f670122d86a7f5db20cfe2053053c52d73e2d3c73,meta-analysis,PUBLIC_REQUIRED_IMPLEMENTED,compag_curation.domain.evaluation:run_meta_analysis,evaluate --variant meta-analysis --plan,tests.test_mapped_symbol_contracts.MappedSymbolContractTests.test_run_meta_analysis_contract,manifests/sealed_cell_classification_authority.csv#NB-LIVE-0010-C0009
NB-LIVE-0010,NB-LIVE-0010-C0010,46604cb76858aa893b4fb6e014817794768b4de44222707b8ba1daea144249e7,meta-analysis,PUBLIC_REQUIRED_IMPLEMENTED,compag_curation.domain.evaluation:run_meta_analysis,evaluate --variant meta-analysis --plan,tests.test_mapped_symbol_contracts.MappedSymbolContractTests.test_run_meta_analysis_contract,manifests/sealed_cell_classification_authority.csv#NB-LIVE-0010-C0010
NB-LIVE-0010,NB-LIVE-0010-C0011,37a94bc17d7c8928755338c6137c557ceec008754b46524377b4a3eb7aec763b,meta-analysis,PUBLIC_REQUIRED_IMPLEMENTED,compag_curation.domain.evaluation:run_meta_analysis,evaluate --variant meta-analysis --plan,tests.test_mapped_symbol_contracts.MappedSymbolContractTests.test_run_meta_analysis_contract,manifests/sealed_cell_classification_authority.csv#NB-LIVE-0010-C0011
NB-LIVE-0010,NB-LIVE-0010-C0012,fb6e85eda11228fd061f30674a92812f6a8b73b97b5c3a506da55e9d05f60f67,meta-analysis,PUBLIC_REQUIRED_IMPLEMENTED,compag_curation.domain.evaluation:run_meta_analysis,evaluate --variant meta-analysis --plan,tests.test_mapped_symbol_contracts.MappedSymbolContractTests.test_run_meta_analysis_contract,manifests/sealed_cell_classification_authority.csv#NB-LIVE-0010-C0012
NB-LIVE-0010,NB-LIVE-0010-C0013,4fe42ec8113ebe07d41a3ca0d03bfbd8183f8860a309d6ff33806a5321be6b9f,meta-analysis,PUBLIC_REQUIRED_IMPLEMENTED,compag_curation.domain.evaluation:run_meta_analysis,evaluate --variant meta-analysis --plan,tests.test_mapped_symbol_contracts.MappedSymbolContractTests.test_run_meta_analysis_contract,manifests/sealed_cell_classification_authority.csv#NB-LIVE-0010-C0013
NB-LIVE-0010,NB-LIVE-0010-C0014,5c25f19115107b61f9c01365d9debefea48bd7b286c7f4374188a1e0e30b0583,meta-analysis,PUBLIC_REQUIRED_IMPLEMENTED,compag_curation.domain.evaluation:run_meta_analysis,evaluate --variant meta-analysis --plan,tests.test_mapped_symbol_contracts.MappedSymbolContractTests.test_run_meta_analysis_contract,manifests/sealed_cell_classification_authority.csv#NB-LIVE-0010-C0014
NB-LIVE-0010,NB-LIVE-0010-C0015,37cc83d6586a6168bb41f32ef02cc78aa7bea85d3b2020672acb70adcb159525,meta-analysis,PUBLIC_REQUIRED_IMPLEMENTED,compag_curation.domain.evaluation:run_meta_analysis,evaluate --variant meta-analysis --plan,tests.test_mapped_symbol_contracts.MappedSymbolContractTests.test_run_meta_analysis_contract,manifests/sealed_cell_classification_authority.csv#NB-LIVE-0010-C0015
NB-LIVE-0010,NB-LIVE-0010-C0016,1140d26f07bb5a5025de533a6711fd473ba99281e3bd0af45e817d8fb7e7c09f,meta-analysis,PUBLIC_REQUIRED_IMPLEMENTED,compag_curation.domain.evaluation:run_meta_analysis,evaluate --variant meta-analysis --plan,tests.test_mapped_symbol_contracts.MappedSymbolContractTests.test_run_meta_analysis_contract,manifests/sealed_cell_classification_authority.csv#NB-LIVE-0010-C0016
NB-LIVE-0010,NB-LIVE-0010-C0017,045c8fafb7f7caad7d3d5754f3437bea9a68ef6dd2d39fb2109a537d55a7a966,meta-analysis,PUBLIC_REQUIRED_IMPLEMENTED,compag_curation.domain.evaluation:run_meta_analysis,evaluate --variant meta-analysis --plan,tests.test_mapped_symbol_contracts.MappedSymbolContractTests.test_run_meta_analysis_contract,manifests/sealed_cell_classification_authority.csv#NB-LIVE-0010-C0017
NB-LIVE-0010,NB-LIVE-0010-C0018,2b83698b5f51aaa3e871e682a88d7386b295e943e5e4663efd27f6f64db32244,meta-analysis,PUBLIC_REQUIRED_IMPLEMENTED,compag_curation.domain.evaluation:run_meta_analysis,evaluate --variant meta-analysis --plan,tests.test_mapped_symbol_contracts.MappedSymbolContractTests.test_run_meta_analysis_contract,manifests/sealed_cell_classification_authority.csv#NB-LIVE-0010-C0018
NB-LIVE-0010,NB-LIVE-0010-C0019,c252b96896f9fcb68748c94626b1a8eddb4ce0f2dfc7e819159d49abf882b12b,meta-analysis,PUBLIC_REQUIRED_IMPLEMENTED,compag_curation.domain.evaluation:run_meta_analysis,evaluate --variant meta-analysis --plan,tests.test_mapped_symbol_contracts.MappedSymbolContractTests.test_run_meta_analysis_contract,manifests/sealed_cell_classification_authority.csv#NB-LIVE-0010-C0019
NB-LIVE-0010,NB-LIVE-0010-C0020,c4b3356e45516b1194743e51f6bdb112246b948fcd7064eb1d4bc00c7f5190d8,meta-analysis,PUBLIC_REQUIRED_IMPLEMENTED,compag_curation.domain.evaluation:run_meta_analysis,evaluate --variant meta-analysis --plan,tests.test_mapped_symbol_contracts.MappedSymbolContractTests.test_run_meta_analysis_contract,manifests/sealed_cell_classification_authority.csv#NB-LIVE-0010-C0020
NB-LIVE-0011,NB-LIVE-0011-C0000,10d277ef7478e914a0258fddf29a97ee0ffd2bf473f09ddb239b4453bf6a7557,border-tiny-evaluation,PUBLIC_REQUIRED_IMPLEMENTED,compag_curation.domain.evaluation:run_border_tiny_evaluation,evaluate --variant border-tiny --plan,tests.test_mapped_symbol_contracts.MappedSymbolContractTests.test_run_border_tiny_evaluation_contract,manifests/sealed_cell_classification_authority.csv#NB-LIVE-0011-C0000
NB-LIVE-0011,NB-LIVE-0011-C0001,6bb28dbb287a98b26d99e18c42556844ae627ea2df4dd9b0e8551e0f145734ae,border-tiny-evaluation,PUBLIC_REQUIRED_IMPLEMENTED,compag_curation.domain.evaluation:run_border_tiny_evaluation,evaluate --variant border-tiny --plan,tests.test_mapped_symbol_contracts.MappedSymbolContractTests.test_run_border_tiny_evaluation_contract,manifests/sealed_cell_classification_authority.csv#NB-LIVE-0011-C0001
NB-LIVE-0011,NB-LIVE-0011-C0002,afcf17064e7b27113f8dd1aa8d5a108bebac8fdc125f39a3a476824063d05686,border-tiny-evaluation,PUBLIC_REQUIRED_IMPLEMENTED,compag_curation.domain.evaluation:run_border_tiny_evaluation,evaluate --variant border-tiny --plan,tests.test_mapped_symbol_contracts.MappedSymbolContractTests.test_run_border_tiny_evaluation_contract,manifests/sealed_cell_classification_authority.csv#NB-LIVE-0011-C0002
NB-LIVE-0011,NB-LIVE-0011-C0003,7e09a1b63f405e914a8b737b4abc3b2656527ddd90e80739114ee69ec395c56a,border-tiny-evaluation,PUBLIC_REQUIRED_IMPLEMENTED,compag_curation.domain.evaluation:run_border_tiny_evaluation,evaluate --variant border-tiny --plan,tests.test_mapped_symbol_contracts.MappedSymbolContractTests.test_run_border_tiny_evaluation_contract,manifests/sealed_cell_classification_authority.csv#NB-LIVE-0011-C0003
NB-LIVE-0011,NB-LIVE-0011-C0004,73b8404bd71d14d974e519be2126d76b96d210c51edb964b84d4c77143e87ac3,border-tiny-evaluation,PUBLIC_REQUIRED_IMPLEMENTED,compag_curation.domain.evaluation:run_border_tiny_evaluation,evaluate --variant border-tiny --plan,tests.test_mapped_symbol_contracts.MappedSymbolContractTests.test_run_border_tiny_evaluation_contract,manifests/sealed_cell_classification_authority.csv#NB-LIVE-0011-C0004
NB-LIVE-0011,NB-LIVE-0011-C0005,37f9ae8dab99f2266228526da4c5c6f63d12be5a80b2911700a9044d3f58a679,border-tiny-evaluation,PUBLIC_REQUIRED_IMPLEMENTED,compag_curation.domain.evaluation:run_border_tiny_evaluation,evaluate --variant border-tiny --plan,tests.test_mapped_symbol_contracts.MappedSymbolContractTests.test_run_border_tiny_evaluation_contract,manifests/sealed_cell_classification_authority.csv#NB-LIVE-0011-C0005
NB-LIVE-0011,NB-LIVE-0011-C0006,ed1e8e20243abdefeb735d01ea585b992d85402783d770616315989c9f6f29ae,border-tiny-evaluation,PUBLIC_REQUIRED_IMPLEMENTED,compag_curation.domain.evaluation:run_border_tiny_evaluation,evaluate --variant border-tiny --plan,tests.test_mapped_symbol_contracts.MappedSymbolContractTests.test_run_border_tiny_evaluation_contract,manifests/sealed_cell_classification_authority.csv#NB-LIVE-0011-C0006
NB-LIVE-0012,NB-LIVE-0012-C0000,be677b199ee8d45858cde37330cccf1e35e530b2b09c7e9499ab873bb0a345f1,aggregate-reporting,PUBLIC_REQUIRED_IMPLEMENTED,compag_curation.domain.reporting:build_plots_report,report --variant plots --plan,tests.test_mapped_symbol_contracts.MappedSymbolContractTests.test_build_plots_report_contract,manifests/sealed_cell_classification_authority.csv#NB-LIVE-0012-C0000
NB-LIVE-0012,NB-LIVE-0012-C0001,bfed258b494954d122d02d64423beb955231fb91239bf47580accbc34c75218f,aggregate-reporting,PUBLIC_REQUIRED_IMPLEMENTED,compag_curation.domain.reporting:build_plots_report,report --variant plots --plan,tests.test_mapped_symbol_contracts.MappedSymbolContractTests.test_build_plots_report_contract,manifests/sealed_cell_classification_authority.csv#NB-LIVE-0012-C0001
NB-LIVE-0012,NB-LIVE-0012-C0002,ae4b42db7d31ee014553b28bba2a85da638d9d3b881e1157d4332a88f1ca156c,aggregate-reporting,PUBLIC_REQUIRED_IMPLEMENTED,compag_curation.domain.reporting:build_plots_report,report --variant plots --plan,tests.test_mapped_symbol_contracts.MappedSymbolContractTests.test_build_plots_report_contract,manifests/sealed_cell_classification_authority.csv#NB-LIVE-0012-C0002
NB-LIVE-0012,NB-LIVE-0012-C0003,fcd81a302fe6d8186e2656f17eeb85f3ed5d8567ac6601037a484e49bda6046a,aggregate-reporting,PUBLIC_REQUIRED_IMPLEMENTED,compag_curation.domain.reporting:build_plots_report,report --variant plots --plan,tests.test_mapped_symbol_contracts.MappedSymbolContractTests.test_build_plots_report_contract,manifests/sealed_cell_classification_authority.csv#NB-LIVE-0012-C0003
NB-LIVE-0012,NB-LIVE-0012-C0005,bcd32135b1cb249ddc2aa4987f3a5c9d215181eb875d9ea2f996c209f48a0135,aggregate-reporting,PUBLIC_REQUIRED_IMPLEMENTED,compag_curation.domain.reporting:build_plots_report,report --variant plots --plan,tests.test_mapped_symbol_contracts.MappedSymbolContractTests.test_build_plots_report_contract,manifests/sealed_cell_classification_authority.csv#NB-LIVE-0012-C0005
NB-LIVE-0012,NB-LIVE-0012-C0006,023e5215353a7087541d1a3dbc75634da6fe37f488d3c8f6785c2503a48a2f0a,aggregate-reporting,PUBLIC_REQUIRED_IMPLEMENTED,compag_curation.domain.reporting:build_plots_report,report --variant plots --plan,tests.test_mapped_symbol_contracts.MappedSymbolContractTests.test_build_plots_report_contract,manifests/sealed_cell_classification_authority.csv#NB-LIVE-0012-C0006
NB-LIVE-0012,NB-LIVE-0012-C0007,576660b79c80a0966f795d4d743db90454d23d2fd3fc80be707c85e04b02cbc9,aggregate-reporting,PUBLIC_REQUIRED_IMPLEMENTED,compag_curation.domain.reporting:build_plots_report,report --variant plots --plan,tests.test_mapped_symbol_contracts.MappedSymbolContractTests.test_build_plots_report_contract,manifests/sealed_cell_classification_authority.csv#NB-LIVE-0012-C0007
NB-LIVE-0012,NB-LIVE-0012-C0008,766b5a096a9b5bd36e22712d51ca493ad6b42a407886aec7fb144fc18dbcb24d,aggregate-reporting,PUBLIC_REQUIRED_IMPLEMENTED,compag_curation.domain.reporting:build_plots_report,report --variant plots --plan,tests.test_mapped_symbol_contracts.MappedSymbolContractTests.test_build_plots_report_contract,manifests/sealed_cell_classification_authority.csv#NB-LIVE-0012-C0008
NB-LIVE-0012,NB-LIVE-0012-C0009,874d7ccee5e8aa26e6ddf75d1116b99344850edcb421d04ba0af5ed4c20593dc,aggregate-reporting,PUBLIC_REQUIRED_IMPLEMENTED,compag_curation.domain.reporting:build_plots_report,report --variant plots --plan,tests.test_mapped_symbol_contracts.MappedSymbolContractTests.test_build_plots_report_contract,manifests/sealed_cell_classification_authority.csv#NB-LIVE-0012-C0009
NB-LIVE-0012,NB-LIVE-0012-C0010,4b0a7f2d1e1e6752945c2c90606cb38b2345ab710b2e61e524e9103f9bc47eec,aggregate-reporting,PUBLIC_REQUIRED_IMPLEMENTED,compag_curation.domain.reporting:build_plots_report,report --variant plots --plan,tests.test_mapped_symbol_contracts.MappedSymbolContractTests.test_build_plots_report_contract,manifests/sealed_cell_classification_authority.csv#NB-LIVE-0012-C0010
NB-LIVE-0012,NB-LIVE-0012-C0011,430aff9d344bd47efafe477caea7b1dc72818f2ba27e518021d2cf7795a4f8e5,aggregate-reporting,PUBLIC_REQUIRED_IMPLEMENTED,compag_curation.domain.reporting:build_plots_report,report --variant plots --plan,tests.test_mapped_symbol_contracts.MappedSymbolContractTests.test_build_plots_report_contract,manifests/sealed_cell_classification_authority.csv#NB-LIVE-0012-C0011
NB-LIVE-0012,NB-LIVE-0012-C0012,d3a6c7df15ac5ba991897333b6a1e467ff4e281cd672db99c52f4f0f8fe5c292,aggregate-reporting,PUBLIC_REQUIRED_IMPLEMENTED,compag_curation.domain.reporting:build_plots_report,report --variant plots --plan,tests.test_mapped_symbol_contracts.MappedSymbolContractTests.test_build_plots_report_contract,manifests/sealed_cell_classification_authority.csv#NB-LIVE-0012-C0012
NB-LIVE-0012,NB-LIVE-0012-C0014,4136a223f5e2e6d57c3bfc7e6b7001bf86aeca89c0f5e6369c03156ad9159b78,aggregate-reporting,PUBLIC_REQUIRED_IMPLEMENTED,compag_curation.domain.reporting:build_plots_report,report --variant plots --plan,tests.test_mapped_symbol_contracts.MappedSymbolContractTests.test_build_plots_report_contract,manifests/sealed_cell_classification_authority.csv#NB-LIVE-0012-C0014
NB-LIVE-0012,NB-LIVE-0012-C0015,d90bcc0123b67d726404324a1f585cfcf7e689fcb479daf1fae013d4418feac4,aggregate-reporting,PUBLIC_REQUIRED_IMPLEMENTED,compag_curation.domain.reporting:build_plots_report,report --variant plots --plan,tests.test_mapped_symbol_contracts.MappedSymbolContractTests.test_build_plots_report_contract,manifests/sealed_cell_classification_authority.csv#NB-LIVE-0012-C0015
NB-LIVE-0012,NB-LIVE-0012-C0016,05decec3e40bce3c5015935500663b74a328ed4ed71cf0e677a6ab303c1aa7bd,aggregate-reporting,PUBLIC_REQUIRED_IMPLEMENTED,compag_curation.domain.reporting:build_plots_report,report --variant plots --plan,tests.test_mapped_symbol_contracts.MappedSymbolContractTests.test_build_plots_report_contract,manifests/sealed_cell_classification_authority.csv#NB-LIVE-0012-C0016
NB-LIVE-0012,NB-LIVE-0012-C0017,d45b96ab8e4e45557ec625cfdc864e4a93278e0b1a0b9f2998e4f438b58fc30b,aggregate-reporting,PUBLIC_REQUIRED_IMPLEMENTED,compag_curation.domain.reporting:build_plots_report,report --variant plots --plan,tests.test_mapped_symbol_contracts.MappedSymbolContractTests.test_build_plots_report_contract,manifests/sealed_cell_classification_authority.csv#NB-LIVE-0012-C0017
NB-LIVE-0012,NB-LIVE-0012-C0018,f1ffc3ca4cc4dbe3406a7e59078d62b584e47899a739d767e3a58b0ac2aa7af0,aggregate-reporting,PUBLIC_REQUIRED_IMPLEMENTED,compag_curation.domain.reporting:build_plots_report,report --variant plots --plan,tests.test_mapped_symbol_contracts.MappedSymbolContractTests.test_build_plots_report_contract,manifests/sealed_cell_classification_authority.csv#NB-LIVE-0012-C0018
NB-LIVE-0012,NB-LIVE-0012-C0019,71969caca657f05165b8ac74508f2a704bf83910999772b5eda4a69e51760bde,aggregate-reporting,PUBLIC_REQUIRED_IMPLEMENTED,compag_curation.domain.reporting:build_plots_report,report --variant plots --plan,tests.test_mapped_symbol_contracts.MappedSymbolContractTests.test_build_plots_report_contract,manifests/sealed_cell_classification_authority.csv#NB-LIVE-0012-C0019
NB-LIVE-0012,NB-LIVE-0012-C0020,3e304153dad81d82778396c7d96c10f524f82f36234822a23c85e26a1276d695,aggregate-reporting,PUBLIC_REQUIRED_IMPLEMENTED,compag_curation.domain.reporting:build_plots_report,report --variant plots --plan,tests.test_mapped_symbol_contracts.MappedSymbolContractTests.test_build_plots_report_contract,manifests/sealed_cell_classification_authority.csv#NB-LIVE-0012-C0020
NB-LIVE-0012,NB-LIVE-0012-C0021,d0f7d91760932c8363f578855c3528a502d0fff59921e524b77473aa7ad86626,aggregate-reporting,PUBLIC_REQUIRED_IMPLEMENTED,compag_curation.domain.reporting:build_plots_report,report --variant plots --plan,tests.test_mapped_symbol_contracts.MappedSymbolContractTests.test_build_plots_report_contract,manifests/sealed_cell_classification_authority.csv#NB-LIVE-0012-C0021
NB-LIVE-0012,NB-LIVE-0012-C0022,847b8d80ec273c1a8e8e33be48c8f2fc1593b541c1ba1da5b34ceeb65e3e980d,aggregate-reporting,PUBLIC_REQUIRED_IMPLEMENTED,compag_curation.domain.reporting:build_plots_report,report --variant plots --plan,tests.test_mapped_symbol_contracts.MappedSymbolContractTests.test_build_plots_report_contract,manifests/sealed_cell_classification_authority.csv#NB-LIVE-0012-C0022
NB-LIVE-0012,NB-LIVE-0012-C0023,e1ba1edae6b20eca8aa2a87280d1d6ce94f38285d17877413d4a874a50a51a08,aggregate-reporting,PUBLIC_REQUIRED_IMPLEMENTED,compag_curation.domain.reporting:build_plots_report,report --variant plots --plan,tests.test_mapped_symbol_contracts.MappedSymbolContractTests.test_build_plots_report_contract,manifests/sealed_cell_classification_authority.csv#NB-LIVE-0012-C0023
NB-LIVE-0012,NB-LIVE-0012-C0024,d4e415a981a6d48b1729cb66ff82b78b02113dbac87afc684a2ccffe49d9e23c,aggregate-reporting,PUBLIC_REQUIRED_IMPLEMENTED,compag_curation.domain.reporting:build_plots_report,report --variant plots --plan,tests.test_mapped_symbol_contracts.MappedSymbolContractTests.test_build_plots_report_contract,manifests/sealed_cell_classification_authority.csv#NB-LIVE-0012-C0024
NB-LIVE-0012,NB-LIVE-0012-C0025,b4cd46a1c4cdde5fe5f144988f465044fcf1818d43d9a39aa8064c3f9966319d,aggregate-reporting,PUBLIC_REQUIRED_IMPLEMENTED,compag_curation.domain.reporting:build_plots_report,report --variant plots --plan,tests.test_mapped_symbol_contracts.MappedSymbolContractTests.test_build_plots_report_contract,manifests/sealed_cell_classification_authority.csv#NB-LIVE-0012-C0025
NB-LIVE-0012,NB-LIVE-0012-C0026,30df681b167fcc05a334f6883d71516cc1e3ff524b337b646183da0a573b07b7,aggregate-reporting,PUBLIC_REQUIRED_IMPLEMENTED,compag_curation.domain.reporting:build_plots_report,report --variant plots --plan,tests.test_mapped_symbol_contracts.MappedSymbolContractTests.test_build_plots_report_contract,manifests/sealed_cell_classification_authority.csv#NB-LIVE-0012-C0026
NB-LIVE-0012,NB-LIVE-0012-C0027,f6bf45a4f37e7ea55a8b6438f19b70ce6ecf6f8363ab939a63576f1932bfc0a1,aggregate-reporting,PUBLIC_REQUIRED_IMPLEMENTED,compag_curation.domain.reporting:build_plots_report,report --variant plots --plan,tests.test_mapped_symbol_contracts.MappedSymbolContractTests.test_build_plots_report_contract,manifests/sealed_cell_classification_authority.csv#NB-LIVE-0012-C0027
NB-LIVE-0012,NB-LIVE-0012-C0028,42b7eee3fe7fa6f1f0259ac3b3c6eafac67d33b14297458b9bb2be22e01d6a8b,aggregate-reporting,PUBLIC_REQUIRED_IMPLEMENTED,compag_curation.domain.reporting:build_plots_report,report --variant plots --plan,tests.test_mapped_symbol_contracts.MappedSymbolContractTests.test_build_plots_report_contract,manifests/sealed_cell_classification_authority.csv#NB-LIVE-0012-C0028
