command,variant,plan_symbol,implementation_symbol,input_contract_json,optional_input_contract_json,output_contract_json,cli_route,qa_test_node,status
propose,sam2-proposals,compag_curation.domain.proposals:plan_proposals,compag_curation.domain.proposals:generate_sam2_proposals,"[""images"",""sam2_package_root"",""sam2_checkpoint"",""sam2_config""]",[],"[""output""]",propose --config CONFIG --variant sam2-proposals --plan,tests.test_public_contract.PublicContractTests.test_all_variants_validate_and_plan,PUBLIC_REQUIRED_IMPLEMENTED
propose,yolo-dataset-preparation,compag_curation.domain.proposals:plan_proposals,compag_curation.domain.proposals:prepare_yolo_dataset,"[""coco_annotations"",""tiles"",""split_manifest""]",[],"[""yolo_dataset_output""]",propose --config CONFIG --variant yolo-dataset-preparation --plan,tests.test_public_contract.PublicContractTests.test_all_variants_validate_and_plan,PUBLIC_REQUIRED_IMPLEMENTED
extract-features,coco-features,compag_curation.domain.features:plan_feature_extraction,compag_curation.domain.features:run_feature_extraction_workflow,"[""original_coco"",""coco_annotations"",""detections"",""review_labels"",""tiles"",""sam2_checkpoint"",""model_root"",""previous_split_manifest""]",[],"[""merged_original_coco"",""merged_tiled_coco"",""round_new_ids"",""split_manifest"",""prototype"",""pca"",""used_ids"",""positive_embeddings"",""all_embeddings"",""pack"",""output""]",extract-features --config CONFIG --variant coco-features --plan,tests.test_public_contract.PublicContractTests.test_all_variants_validate_and_plan,PUBLIC_REQUIRED_IMPLEMENTED
review,al-review-ui,compag_curation.domain.review:plan_review,compag_curation.domain.review:run_al_review,"[""image_root"",""detections"",""images""]",[],"[""review_output""]",review --config CONFIG --variant al-review-ui --plan,tests.test_public_contract.PublicContractTests.test_all_variants_validate_and_plan,PUBLIC_REQUIRED_IMPLEMENTED
review,full-image-review-ui,compag_curation.domain.review:plan_review,compag_curation.domain.review:run_full_image_review,"[""image_root"",""detections"",""images""]",[],"[""review_output""]",review --config CONFIG --variant full-image-review-ui --plan,tests.test_public_contract.PublicContractTests.test_all_variants_validate_and_plan,PUBLIC_REQUIRED_IMPLEMENTED
train,coco-xgb,compag_curation.domain.training:plan_training,compag_curation.domain.training:run_coco_xgb_training,"[""feature_table"",""split_manifest"",""previous_tile_predictions"",""previous_threshold""]","[""previous_best_parameters""]","[""model_output""]",train --config CONFIG --variant coco-xgb --plan,tests.test_public_contract.PublicContractTests.test_all_variants_validate_and_plan,PUBLIC_REQUIRED_IMPLEMENTED
train,xgb,compag_curation.domain.training:plan_training,compag_curation.domain.training:train_xgb_classic,"[""feature_table"",""split_manifest""]",[],"[""model_output""]",train --config CONFIG --variant xgb --plan,tests.test_public_contract.PublicContractTests.test_all_variants_validate_and_plan,PUBLIC_REQUIRED_IMPLEMENTED
train,xgb-main,compag_curation.domain.training:plan_training,compag_curation.domain.training:train_xgb_main,"[""feature_table"",""split_manifest"",""hybrid_previous_tile_predictions"",""hybrid_previous_threshold"",""augmented_previous_tile_predictions"",""augmented_previous_threshold""]",[],"[""model_output""]",train --config CONFIG --variant xgb-main --plan,tests.test_public_contract.PublicContractTests.test_all_variants_validate_and_plan,PUBLIC_REQUIRED_IMPLEMENTED
train,yolo,compag_curation.domain.training:plan_training,compag_curation.domain.training:train_yolo_local,"[""data_yaml"",""dataset_root"",""local_initial_weights""]",[],"[""model_output""]",train --config CONFIG --variant yolo --plan,tests.test_public_contract.PublicContractTests.test_all_variants_validate_and_plan,PUBLIC_REQUIRED_IMPLEMENTED
infer,sam2-xgb,compag_curation.domain.inference:plan_inference,compag_curation.domain.inference:run_single_image_inference,"[""images"",""sam2_package_root"",""sam2_checkpoint"",""sam2_config"",""prototype"",""padded_prototype"",""pca"",""xgb_model"",""embed_backbone_weights""]",[],"[""output""]",infer --config CONFIG --variant sam2-xgb --plan,tests.test_public_contract.PublicContractTests.test_all_variants_validate_and_plan,PUBLIC_REQUIRED_IMPLEMENTED
infer,sam2-xgb-yolo,compag_curation.domain.inference:plan_inference,compag_curation.domain.inference:run_dual_backend_inference,"[""images"",""sam2_package_root"",""sam2_checkpoint"",""sam2_config"",""prototype"",""padded_prototype"",""pca"",""xgb_model"",""embed_backbone_weights"",""yolo_weights""]",[],"[""output""]",infer --config CONFIG --variant sam2-xgb-yolo --plan,tests.test_public_contract.PublicContractTests.test_all_variants_validate_and_plan,PUBLIC_REQUIRED_IMPLEMENTED
evaluate,coverage-basic,compag_curation.domain.evaluation:plan_evaluation,compag_curation.domain.evaluation:run_coverage_evaluation,"[""predictions"",""annotations"",""evaluator_script"",""tile_index""]",[],"[""output""]",evaluate --config CONFIG --variant coverage-basic --plan,tests.test_public_contract.PublicContractTests.test_all_variants_validate_and_plan,PUBLIC_REQUIRED_IMPLEMENTED
evaluate,coverage-points-overlay,compag_curation.domain.evaluation:plan_evaluation,compag_curation.domain.evaluation:run_coverage_evaluation,"[""predictions"",""annotations"",""images"",""evaluator_script"",""tile_index""]",[],"[""output""]",evaluate --config CONFIG --variant coverage-points-overlay --plan,tests.test_public_contract.PublicContractTests.test_all_variants_validate_and_plan,PUBLIC_REQUIRED_IMPLEMENTED
evaluate,coverage-predictions-overlay,compag_curation.domain.evaluation:plan_evaluation,compag_curation.domain.evaluation:run_coverage_evaluation,"[""predictions"",""annotations"",""images"",""evaluator_script"",""tile_index""]",[],"[""output""]",evaluate --config CONFIG --variant coverage-predictions-overlay --plan,tests.test_public_contract.PublicContractTests.test_all_variants_validate_and_plan,PUBLIC_REQUIRED_IMPLEMENTED
evaluate,coverage-reviewability,compag_curation.domain.evaluation:plan_evaluation,compag_curation.domain.evaluation:run_coverage_evaluation,"[""predictions"",""annotations"",""images"",""review_labels"",""evaluator_script"",""tile_index""]",[],"[""output""]",evaluate --config CONFIG --variant coverage-reviewability --plan,tests.test_public_contract.PublicContractTests.test_all_variants_validate_and_plan,PUBLIC_REQUIRED_IMPLEMENTED
evaluate,meta-analysis,compag_curation.domain.evaluation:plan_evaluation,compag_curation.domain.evaluation:run_meta_analysis,"[""review_root""]",[],"[""output""]",evaluate --config CONFIG --variant meta-analysis --plan,tests.test_public_contract.PublicContractTests.test_all_variants_validate_and_plan,PUBLIC_REQUIRED_IMPLEMENTED
evaluate,border-tiny,compag_curation.domain.evaluation:plan_evaluation,compag_curation.domain.evaluation:run_border_tiny_evaluation,"[""predictions"",""annotations""]",[],"[""output""]",evaluate --config CONFIG --variant border-tiny --plan,tests.test_public_contract.PublicContractTests.test_all_variants_validate_and_plan,PUBLIC_REQUIRED_IMPLEMENTED
transfer,result-tree,compag_curation.domain.transfer:plan_transfer,compag_curation.domain.transfer:transfer_result_tree,"[""source""]",[],"[""destination""]",transfer --config CONFIG --variant result-tree --plan,tests.test_public_contract.PublicContractTests.test_all_variants_validate_and_plan,PUBLIC_REQUIRED_IMPLEMENTED
transfer,csv-and-text-probe,compag_curation.domain.transfer:plan_transfer,compag_curation.domain.transfer:transfer_csv_text_probe,"[""source""]",[],"[""destination"",""probe_workspace""]",transfer --config CONFIG --variant csv-and-text-probe --plan,tests.test_public_contract.PublicContractTests.test_all_variants_validate_and_plan,PUBLIC_REQUIRED_IMPLEMENTED
report,dataset-summary,compag_curation.domain.reporting:plan_reporting,compag_curation.domain.reporting:summarize_dataset,"[""source_tables""]",[],"[""output""]",report --config CONFIG --variant dataset-summary --plan,tests.test_public_contract.PublicContractTests.test_all_variants_validate_and_plan,PUBLIC_REQUIRED_IMPLEMENTED
report,plots,compag_curation.domain.reporting:plan_reporting,compag_curation.domain.reporting:build_plots_report,"[""source_tables""]",[],"[""output""]",report --config CONFIG --variant plots --plan,tests.test_public_contract.PublicContractTests.test_all_variants_validate_and_plan,PUBLIC_REQUIRED_IMPLEMENTED
