cell_id,notebook_id,disposition,target_module,target_symbol,cli_command,workflow_entry_point_coverage,scientific_execution_used
NB-A01-ARCHIVE-0013-C0000,NB-A01-ARCHIVE-0013,DUPLICATE_EXACT,NONE_DUPLICATE_NON_AUTHORITY,NONE_DUPLICATE_NON_AUTHORITY,NONE_DUPLICATE_NON_AUTHORITY,NOT_APPLICABLE_NONCURRENT,NO
NB-A01-ARCHIVE-0013-C0001,NB-A01-ARCHIVE-0013,DUPLICATE_EXACT,NONE_DUPLICATE_NON_AUTHORITY,NONE_DUPLICATE_NON_AUTHORITY,NONE_DUPLICATE_NON_AUTHORITY,NOT_APPLICABLE_NONCURRENT,NO
NB-A01-ARCHIVE-0013-C0002,NB-A01-ARCHIVE-0013,DUPLICATE_EXACT,NONE_DUPLICATE_NON_AUTHORITY,NONE_DUPLICATE_NON_AUTHORITY,NONE_DUPLICATE_NON_AUTHORITY,NOT_APPLICABLE_NONCURRENT,NO
NB-A01-ARCHIVE-0013-C0003,NB-A01-ARCHIVE-0013,DUPLICATE_EXACT,NONE_DUPLICATE_NON_AUTHORITY,NONE_DUPLICATE_NON_AUTHORITY,NONE_DUPLICATE_NON_AUTHORITY,NOT_APPLICABLE_NONCURRENT,NO
NB-A01-ARCHIVE-0013-C0004,NB-A01-ARCHIVE-0013,DUPLICATE_EXACT,NONE_DUPLICATE_NON_AUTHORITY,NONE_DUPLICATE_NON_AUTHORITY,NONE_DUPLICATE_NON_AUTHORITY,NOT_APPLICABLE_NONCURRENT,NO
NB-A01-ARCHIVE-0013-C0005,NB-A01-ARCHIVE-0013,DUPLICATE_EXACT,NONE_DUPLICATE_NON_AUTHORITY,NONE_DUPLICATE_NON_AUTHORITY,NONE_DUPLICATE_NON_AUTHORITY,NOT_APPLICABLE_NONCURRENT,NO
NB-A01-ARCHIVE-0013-C0006,NB-A01-ARCHIVE-0013,DUPLICATE_EXACT,NONE_DUPLICATE_NON_AUTHORITY,NONE_DUPLICATE_NON_AUTHORITY,NONE_DUPLICATE_NON_AUTHORITY,NOT_APPLICABLE_NONCURRENT,NO
NB-A01-ARCHIVE-0013-C0007,NB-A01-ARCHIVE-0013,DUPLICATE_EXACT,NONE_DUPLICATE_NON_AUTHORITY,NONE_DUPLICATE_NON_AUTHORITY,NONE_DUPLICATE_NON_AUTHORITY,NOT_APPLICABLE_NONCURRENT,NO
NB-A01-ARCHIVE-0013-C0008,NB-A01-ARCHIVE-0013,DUPLICATE_EXACT,NONE_DUPLICATE_NON_AUTHORITY,NONE_DUPLICATE_NON_AUTHORITY,NONE_DUPLICATE_NON_AUTHORITY,NOT_APPLICABLE_NONCURRENT,NO
NB-A01-ARCHIVE-0013-C0009,NB-A01-ARCHIVE-0013,DUPLICATE_EXACT,NONE_DUPLICATE_NON_AUTHORITY,NONE_DUPLICATE_NON_AUTHORITY,NONE_DUPLICATE_NON_AUTHORITY,NOT_APPLICABLE_NONCURRENT,NO
NB-A01-ARCHIVE-0013-C0010,NB-A01-ARCHIVE-0013,DUPLICATE_EXACT,NONE_DUPLICATE_NON_AUTHORITY,NONE_DUPLICATE_NON_AUTHORITY,NONE_DUPLICATE_NON_AUTHORITY,NOT_APPLICABLE_NONCURRENT,NO
NB-A01-LIVE-0001-C0000,NB-A01-LIVE-0001,EXCLUDED_WITH_REASON,NONE_OBSOLETE_OR_UNRELATED,NONE_OBSOLETE_OR_UNRELATED,NONE_EXCLUDED_WITH_REASON,NOT_APPLICABLE_NONCURRENT,NO
NB-A01-LIVE-0001-C0001,NB-A01-LIVE-0001,EXCLUDED_WITH_REASON,NONE_OBSOLETE_OR_UNRELATED,NONE_OBSOLETE_OR_UNRELATED,NONE_EXCLUDED_WITH_REASON,NOT_APPLICABLE_NONCURRENT,NO
NB-A01-LIVE-0001-C0002,NB-A01-LIVE-0001,EXCLUDED_WITH_REASON,NONE_OBSOLETE_OR_UNRELATED,NONE_OBSOLETE_OR_UNRELATED,NONE_EXCLUDED_WITH_REASON,NOT_APPLICABLE_NONCURRENT,NO
NB-A01-LIVE-0001-C0003,NB-A01-LIVE-0001,EXCLUDED_WITH_REASON,NONE_OBSOLETE_OR_UNRELATED,NONE_OBSOLETE_OR_UNRELATED,NONE_EXCLUDED_WITH_REASON,NOT_APPLICABLE_NONCURRENT,NO
NB-A01-LIVE-0001-C0004,NB-A01-LIVE-0001,EXCLUDED_WITH_REASON,NONE_OBSOLETE_OR_UNRELATED,NONE_OBSOLETE_OR_UNRELATED,NONE_EXCLUDED_WITH_REASON,NOT_APPLICABLE_NONCURRENT,NO
NB-A01-LIVE-0001-C0005,NB-A01-LIVE-0001,EXCLUDED_WITH_REASON,NONE_OBSOLETE_OR_UNRELATED,NONE_OBSOLETE_OR_UNRELATED,NONE_EXCLUDED_WITH_REASON,NOT_APPLICABLE_NONCURRENT,NO
NB-A01-LIVE-0001-C0006,NB-A01-LIVE-0001,EXCLUDED_WITH_REASON,NONE_OBSOLETE_OR_UNRELATED,NONE_OBSOLETE_OR_UNRELATED,NONE_EXCLUDED_WITH_REASON,NOT_APPLICABLE_NONCURRENT,NO
NB-A01-LIVE-0001-C0007,NB-A01-LIVE-0001,EXCLUDED_WITH_REASON,NONE_OBSOLETE_OR_UNRELATED,NONE_OBSOLETE_OR_UNRELATED,NONE_EXCLUDED_WITH_REASON,NOT_APPLICABLE_NONCURRENT,NO
NB-A01-LIVE-0001-C0008,NB-A01-LIVE-0001,EXCLUDED_WITH_REASON,NONE_OBSOLETE_OR_UNRELATED,NONE_OBSOLETE_OR_UNRELATED,NONE_EXCLUDED_WITH_REASON,NOT_APPLICABLE_NONCURRENT,NO
NB-A01-LIVE-0001-C0009,NB-A01-LIVE-0001,EXCLUDED_WITH_REASON,NONE_OBSOLETE_OR_UNRELATED,NONE_OBSOLETE_OR_UNRELATED,NONE_EXCLUDED_WITH_REASON,NOT_APPLICABLE_NONCURRENT,NO
NB-A01-LIVE-0001-C0010,NB-A01-LIVE-0001,EXCLUDED_WITH_REASON,NONE_OBSOLETE_OR_UNRELATED,NONE_OBSOLETE_OR_UNRELATED,NONE_EXCLUDED_WITH_REASON,NOT_APPLICABLE_NONCURRENT,NO
NB-A01-LIVE-0001-C0011,NB-A01-LIVE-0001,EXCLUDED_WITH_REASON,NONE_OBSOLETE_OR_UNRELATED,NONE_OBSOLETE_OR_UNRELATED,NONE_EXCLUDED_WITH_REASON,NOT_APPLICABLE_NONCURRENT,NO
NB-A01-LIVE-0001-C0012,NB-A01-LIVE-0001,EXCLUDED_WITH_REASON,NONE_OBSOLETE_OR_UNRELATED,NONE_OBSOLETE_OR_UNRELATED,NONE_EXCLUDED_WITH_REASON,NOT_APPLICABLE_NONCURRENT,NO
NB-A01-LIVE-0001-C0013,NB-A01-LIVE-0001,EXCLUDED_WITH_REASON,NONE_OBSOLETE_OR_UNRELATED,NONE_OBSOLETE_OR_UNRELATED,NONE_EXCLUDED_WITH_REASON,NOT_APPLICABLE_NONCURRENT,NO
NB-A01-LIVE-0001-C0014,NB-A01-LIVE-0001,EXCLUDED_WITH_REASON,NONE_OBSOLETE_OR_UNRELATED,NONE_OBSOLETE_OR_UNRELATED,NONE_EXCLUDED_WITH_REASON,NOT_APPLICABLE_NONCURRENT,NO
NB-A01-LIVE-0001-C0015,NB-A01-LIVE-0001,EXCLUDED_WITH_REASON,NONE_OBSOLETE_OR_UNRELATED,NONE_OBSOLETE_OR_UNRELATED,NONE_EXCLUDED_WITH_REASON,NOT_APPLICABLE_NONCURRENT,NO
NB-A01-LIVE-0001-C0016,NB-A01-LIVE-0001,EXCLUDED_WITH_REASON,NONE_OBSOLETE_OR_UNRELATED,NONE_OBSOLETE_OR_UNRELATED,NONE_EXCLUDED_WITH_REASON,NOT_APPLICABLE_NONCURRENT,NO
NB-A01-LIVE-0002-C0000,NB-A01-LIVE-0002,EXCLUDED_WITH_REASON,NONE_OBSOLETE_OR_UNRELATED,NONE_OBSOLETE_OR_UNRELATED,NONE_EXCLUDED_WITH_REASON,NOT_APPLICABLE_NONCURRENT,NO
NB-A01-LIVE-0002-C0001,NB-A01-LIVE-0002,EXCLUDED_WITH_REASON,NONE_OBSOLETE_OR_UNRELATED,NONE_OBSOLETE_OR_UNRELATED,NONE_EXCLUDED_WITH_REASON,NOT_APPLICABLE_NONCURRENT,NO
NB-A01-LIVE-0002-C0002,NB-A01-LIVE-0002,EXCLUDED_WITH_REASON,NONE_OBSOLETE_OR_UNRELATED,NONE_OBSOLETE_OR_UNRELATED,NONE_EXCLUDED_WITH_REASON,NOT_APPLICABLE_NONCURRENT,NO
NB-A01-LIVE-0002-C0003,NB-A01-LIVE-0002,EXCLUDED_WITH_REASON,NONE_OBSOLETE_OR_UNRELATED,NONE_OBSOLETE_OR_UNRELATED,NONE_EXCLUDED_WITH_REASON,NOT_APPLICABLE_NONCURRENT,NO
NB-A01-LIVE-0002-C0004,NB-A01-LIVE-0002,EXCLUDED_WITH_REASON,NONE_OBSOLETE_OR_UNRELATED,NONE_OBSOLETE_OR_UNRELATED,NONE_EXCLUDED_WITH_REASON,NOT_APPLICABLE_NONCURRENT,NO
NB-A01-LIVE-0002-C0005,NB-A01-LIVE-0002,EXCLUDED_WITH_REASON,NONE_OBSOLETE_OR_UNRELATED,NONE_OBSOLETE_OR_UNRELATED,NONE_EXCLUDED_WITH_REASON,NOT_APPLICABLE_NONCURRENT,NO
NB-A01-LIVE-0002-C0006,NB-A01-LIVE-0002,EXCLUDED_WITH_REASON,NONE_OBSOLETE_OR_UNRELATED,NONE_OBSOLETE_OR_UNRELATED,NONE_EXCLUDED_WITH_REASON,NOT_APPLICABLE_NONCURRENT,NO
NB-A01-LIVE-0002-C0007,NB-A01-LIVE-0002,EXCLUDED_WITH_REASON,NONE_OBSOLETE_OR_UNRELATED,NONE_OBSOLETE_OR_UNRELATED,NONE_EXCLUDED_WITH_REASON,NOT_APPLICABLE_NONCURRENT,NO
NB-A01-LIVE-0002-C0008,NB-A01-LIVE-0002,EXCLUDED_WITH_REASON,NONE_OBSOLETE_OR_UNRELATED,NONE_OBSOLETE_OR_UNRELATED,NONE_EXCLUDED_WITH_REASON,NOT_APPLICABLE_NONCURRENT,NO
NB-A01-LIVE-0002-C0009,NB-A01-LIVE-0002,EXCLUDED_WITH_REASON,NONE_OBSOLETE_OR_UNRELATED,NONE_OBSOLETE_OR_UNRELATED,NONE_EXCLUDED_WITH_REASON,NOT_APPLICABLE_NONCURRENT,NO
NB-A01-LIVE-0002-C0010,NB-A01-LIVE-0002,EXCLUDED_WITH_REASON,NONE_OBSOLETE_OR_UNRELATED,NONE_OBSOLETE_OR_UNRELATED,NONE_EXCLUDED_WITH_REASON,NOT_APPLICABLE_NONCURRENT,NO
NB-A01-LIVE-0002-C0011,NB-A01-LIVE-0002,EXCLUDED_WITH_REASON,NONE_OBSOLETE_OR_UNRELATED,NONE_OBSOLETE_OR_UNRELATED,NONE_EXCLUDED_WITH_REASON,NOT_APPLICABLE_NONCURRENT,NO
NB-A01-LIVE-0002-C0012,NB-A01-LIVE-0002,EXCLUDED_WITH_REASON,NONE_OBSOLETE_OR_UNRELATED,NONE_OBSOLETE_OR_UNRELATED,NONE_EXCLUDED_WITH_REASON,NOT_APPLICABLE_NONCURRENT,NO
NB-A01-LIVE-0002-C0013,NB-A01-LIVE-0002,EXCLUDED_WITH_REASON,NONE_OBSOLETE_OR_UNRELATED,NONE_OBSOLETE_OR_UNRELATED,NONE_EXCLUDED_WITH_REASON,NOT_APPLICABLE_NONCURRENT,NO
NB-A01-LIVE-0002-C0014,NB-A01-LIVE-0002,EXCLUDED_WITH_REASON,NONE_OBSOLETE_OR_UNRELATED,NONE_OBSOLETE_OR_UNRELATED,NONE_EXCLUDED_WITH_REASON,NOT_APPLICABLE_NONCURRENT,NO
NB-A01-LIVE-0002-C0015,NB-A01-LIVE-0002,EXCLUDED_WITH_REASON,NONE_OBSOLETE_OR_UNRELATED,NONE_OBSOLETE_OR_UNRELATED,NONE_EXCLUDED_WITH_REASON,NOT_APPLICABLE_NONCURRENT,NO
NB-A01-LIVE-0002-C0016,NB-A01-LIVE-0002,EXCLUDED_WITH_REASON,NONE_OBSOLETE_OR_UNRELATED,NONE_OBSOLETE_OR_UNRELATED,NONE_EXCLUDED_WITH_REASON,NOT_APPLICABLE_NONCURRENT,NO
NB-A01-LIVE-0002-C0017,NB-A01-LIVE-0002,EXCLUDED_WITH_REASON,NONE_OBSOLETE_OR_UNRELATED,NONE_OBSOLETE_OR_UNRELATED,NONE_EXCLUDED_WITH_REASON,NOT_APPLICABLE_NONCURRENT,NO
NB-A01-LIVE-0003-C0000,NB-A01-LIVE-0003,EXCLUDED_WITH_REASON,NONE_OBSOLETE_OR_UNRELATED,NONE_OBSOLETE_OR_UNRELATED,NONE_EXCLUDED_WITH_REASON,NOT_APPLICABLE_NONCURRENT,NO
NB-A01-LIVE-0003-C0001,NB-A01-LIVE-0003,EXCLUDED_WITH_REASON,NONE_OBSOLETE_OR_UNRELATED,NONE_OBSOLETE_OR_UNRELATED,NONE_EXCLUDED_WITH_REASON,NOT_APPLICABLE_NONCURRENT,NO
NB-A01-LIVE-0004-C0000,NB-A01-LIVE-0004,EXCLUDED_WITH_REASON,NONE_OBSOLETE_OR_UNRELATED,NONE_OBSOLETE_OR_UNRELATED,NONE_EXCLUDED_WITH_REASON,NOT_APPLICABLE_NONCURRENT,NO
NB-A01-LIVE-0004-C0001,NB-A01-LIVE-0004,EXCLUDED_WITH_REASON,NONE_OBSOLETE_OR_UNRELATED,NONE_OBSOLETE_OR_UNRELATED,NONE_EXCLUDED_WITH_REASON,NOT_APPLICABLE_NONCURRENT,NO
NB-A01-LIVE-0004-C0002,NB-A01-LIVE-0004,EXCLUDED_WITH_REASON,NONE_OBSOLETE_OR_UNRELATED,NONE_OBSOLETE_OR_UNRELATED,NONE_EXCLUDED_WITH_REASON,NOT_APPLICABLE_NONCURRENT,NO
NB-A01-LIVE-0004-C0003,NB-A01-LIVE-0004,EXCLUDED_WITH_REASON,NONE_OBSOLETE_OR_UNRELATED,NONE_OBSOLETE_OR_UNRELATED,NONE_EXCLUDED_WITH_REASON,NOT_APPLICABLE_NONCURRENT,NO
NB-A01-LIVE-0004-C0004,NB-A01-LIVE-0004,EXCLUDED_WITH_REASON,NONE_OBSOLETE_OR_UNRELATED,NONE_OBSOLETE_OR_UNRELATED,NONE_EXCLUDED_WITH_REASON,NOT_APPLICABLE_NONCURRENT,NO
NB-A01-LIVE-0004-C0005,NB-A01-LIVE-0004,EXCLUDED_WITH_REASON,NONE_OBSOLETE_OR_UNRELATED,NONE_OBSOLETE_OR_UNRELATED,NONE_EXCLUDED_WITH_REASON,NOT_APPLICABLE_NONCURRENT,NO
NB-A01-LIVE-0004-C0006,NB-A01-LIVE-0004,EXCLUDED_WITH_REASON,NONE_OBSOLETE_OR_UNRELATED,NONE_OBSOLETE_OR_UNRELATED,NONE_EXCLUDED_WITH_REASON,NOT_APPLICABLE_NONCURRENT,NO
NB-A01-LIVE-0004-C0007,NB-A01-LIVE-0004,EXCLUDED_WITH_REASON,NONE_OBSOLETE_OR_UNRELATED,NONE_OBSOLETE_OR_UNRELATED,NONE_EXCLUDED_WITH_REASON,NOT_APPLICABLE_NONCURRENT,NO
NB-A01-LIVE-0004-C0008,NB-A01-LIVE-0004,EXCLUDED_WITH_REASON,NONE_OBSOLETE_OR_UNRELATED,NONE_OBSOLETE_OR_UNRELATED,NONE_EXCLUDED_WITH_REASON,NOT_APPLICABLE_NONCURRENT,NO
NB-A01-LIVE-0004-C0009,NB-A01-LIVE-0004,EXCLUDED_WITH_REASON,NONE_OBSOLETE_OR_UNRELATED,NONE_OBSOLETE_OR_UNRELATED,NONE_EXCLUDED_WITH_REASON,NOT_APPLICABLE_NONCURRENT,NO
NB-A01-LIVE-0004-C0010,NB-A01-LIVE-0004,EXCLUDED_WITH_REASON,NONE_OBSOLETE_OR_UNRELATED,NONE_OBSOLETE_OR_UNRELATED,NONE_EXCLUDED_WITH_REASON,NOT_APPLICABLE_NONCURRENT,NO
NB-A01-LIVE-0004-C0011,NB-A01-LIVE-0004,EXCLUDED_WITH_REASON,NONE_OBSOLETE_OR_UNRELATED,NONE_OBSOLETE_OR_UNRELATED,NONE_EXCLUDED_WITH_REASON,NOT_APPLICABLE_NONCURRENT,NO
NB-A01-LIVE-0004-C0012,NB-A01-LIVE-0004,EXCLUDED_WITH_REASON,NONE_OBSOLETE_OR_UNRELATED,NONE_OBSOLETE_OR_UNRELATED,NONE_EXCLUDED_WITH_REASON,NOT_APPLICABLE_NONCURRENT,NO
NB-A01-LIVE-0004-C0013,NB-A01-LIVE-0004,EXCLUDED_WITH_REASON,NONE_OBSOLETE_OR_UNRELATED,NONE_OBSOLETE_OR_UNRELATED,NONE_EXCLUDED_WITH_REASON,NOT_APPLICABLE_NONCURRENT,NO
NB-A01-LIVE-0004-C0014,NB-A01-LIVE-0004,EXCLUDED_WITH_REASON,NONE_OBSOLETE_OR_UNRELATED,NONE_OBSOLETE_OR_UNRELATED,NONE_EXCLUDED_WITH_REASON,NOT_APPLICABLE_NONCURRENT,NO
NB-A01-LIVE-0004-C0015,NB-A01-LIVE-0004,EXCLUDED_WITH_REASON,NONE_OBSOLETE_OR_UNRELATED,NONE_OBSOLETE_OR_UNRELATED,NONE_EXCLUDED_WITH_REASON,NOT_APPLICABLE_NONCURRENT,NO
NB-A01-LIVE-0005-C0000,NB-A01-LIVE-0005,EXCLUDED_WITH_REASON,NONE_OBSOLETE_OR_UNRELATED,NONE_OBSOLETE_OR_UNRELATED,NONE_EXCLUDED_WITH_REASON,NOT_APPLICABLE_NONCURRENT,NO
NB-A01-LIVE-0005-C0001,NB-A01-LIVE-0005,EXCLUDED_WITH_REASON,NONE_OBSOLETE_OR_UNRELATED,NONE_OBSOLETE_OR_UNRELATED,NONE_EXCLUDED_WITH_REASON,NOT_APPLICABLE_NONCURRENT,NO
NB-A01-LIVE-0005-C0002,NB-A01-LIVE-0005,EXCLUDED_WITH_REASON,NONE_OBSOLETE_OR_UNRELATED,NONE_OBSOLETE_OR_UNRELATED,NONE_EXCLUDED_WITH_REASON,NOT_APPLICABLE_NONCURRENT,NO
NB-A01-LIVE-0005-C0003,NB-A01-LIVE-0005,EXCLUDED_WITH_REASON,NONE_OBSOLETE_OR_UNRELATED,NONE_OBSOLETE_OR_UNRELATED,NONE_EXCLUDED_WITH_REASON,NOT_APPLICABLE_NONCURRENT,NO
NB-A01-LIVE-0006-C0000,NB-A01-LIVE-0006,DUPLICATE_EXACT,NONE_DUPLICATE_NON_AUTHORITY,NONE_DUPLICATE_NON_AUTHORITY,NONE_DUPLICATE_NON_AUTHORITY,NOT_APPLICABLE_NONCURRENT,NO
NB-A01-LIVE-0006-C0001,NB-A01-LIVE-0006,DUPLICATE_EXACT,NONE_DUPLICATE_NON_AUTHORITY,NONE_DUPLICATE_NON_AUTHORITY,NONE_DUPLICATE_NON_AUTHORITY,NOT_APPLICABLE_NONCURRENT,NO
NB-A01-LIVE-0006-C0002,NB-A01-LIVE-0006,DUPLICATE_EXACT,NONE_DUPLICATE_NON_AUTHORITY,NONE_DUPLICATE_NON_AUTHORITY,NONE_DUPLICATE_NON_AUTHORITY,NOT_APPLICABLE_NONCURRENT,NO
NB-A01-LIVE-0006-C0003,NB-A01-LIVE-0006,DUPLICATE_EXACT,NONE_DUPLICATE_NON_AUTHORITY,NONE_DUPLICATE_NON_AUTHORITY,NONE_DUPLICATE_NON_AUTHORITY,NOT_APPLICABLE_NONCURRENT,NO
NB-A01-LIVE-0007-C0000,NB-A01-LIVE-0007,DUPLICATE_EXACT,NONE_DUPLICATE_NON_AUTHORITY,NONE_DUPLICATE_NON_AUTHORITY,NONE_DUPLICATE_NON_AUTHORITY,NOT_APPLICABLE_NONCURRENT,NO
NB-A01-LIVE-0007-C0001,NB-A01-LIVE-0007,DUPLICATE_EXACT,NONE_DUPLICATE_NON_AUTHORITY,NONE_DUPLICATE_NON_AUTHORITY,NONE_DUPLICATE_NON_AUTHORITY,NOT_APPLICABLE_NONCURRENT,NO
NB-A01-LIVE-0007-C0002,NB-A01-LIVE-0007,DUPLICATE_EXACT,NONE_DUPLICATE_NON_AUTHORITY,NONE_DUPLICATE_NON_AUTHORITY,NONE_DUPLICATE_NON_AUTHORITY,NOT_APPLICABLE_NONCURRENT,NO
NB-A01-LIVE-0007-C0003,NB-A01-LIVE-0007,DUPLICATE_EXACT,NONE_DUPLICATE_NON_AUTHORITY,NONE_DUPLICATE_NON_AUTHORITY,NONE_DUPLICATE_NON_AUTHORITY,NOT_APPLICABLE_NONCURRENT,NO
NB-A01-LIVE-0007-C0004,NB-A01-LIVE-0007,DUPLICATE_EXACT,NONE_DUPLICATE_NON_AUTHORITY,NONE_DUPLICATE_NON_AUTHORITY,NONE_DUPLICATE_NON_AUTHORITY,NOT_APPLICABLE_NONCURRENT,NO
NB-A01-LIVE-0007-C0005,NB-A01-LIVE-0007,DUPLICATE_EXACT,NONE_DUPLICATE_NON_AUTHORITY,NONE_DUPLICATE_NON_AUTHORITY,NONE_DUPLICATE_NON_AUTHORITY,NOT_APPLICABLE_NONCURRENT,NO
NB-A01-LIVE-0007-C0006,NB-A01-LIVE-0007,DUPLICATE_EXACT,NONE_DUPLICATE_NON_AUTHORITY,NONE_DUPLICATE_NON_AUTHORITY,NONE_DUPLICATE_NON_AUTHORITY,NOT_APPLICABLE_NONCURRENT,NO
NB-A01-LIVE-0007-C0007,NB-A01-LIVE-0007,DUPLICATE_EXACT,NONE_DUPLICATE_NON_AUTHORITY,NONE_DUPLICATE_NON_AUTHORITY,NONE_DUPLICATE_NON_AUTHORITY,NOT_APPLICABLE_NONCURRENT,NO
NB-A01-LIVE-0007-C0008,NB-A01-LIVE-0007,DUPLICATE_EXACT,NONE_DUPLICATE_NON_AUTHORITY,NONE_DUPLICATE_NON_AUTHORITY,NONE_DUPLICATE_NON_AUTHORITY,NOT_APPLICABLE_NONCURRENT,NO
NB-A01-LIVE-0008-C0000,NB-A01-LIVE-0008,EXCLUDED_WITH_REASON,NONE_OBSOLETE_OR_UNRELATED,NONE_OBSOLETE_OR_UNRELATED,NONE_EXCLUDED_WITH_REASON,NOT_APPLICABLE_NONCURRENT,NO
NB-A01-LIVE-0008-C0001,NB-A01-LIVE-0008,EXCLUDED_WITH_REASON,NONE_OBSOLETE_OR_UNRELATED,NONE_OBSOLETE_OR_UNRELATED,NONE_EXCLUDED_WITH_REASON,NOT_APPLICABLE_NONCURRENT,NO
NB-A01-LIVE-0008-C0002,NB-A01-LIVE-0008,EXCLUDED_WITH_REASON,NONE_OBSOLETE_OR_UNRELATED,NONE_OBSOLETE_OR_UNRELATED,NONE_EXCLUDED_WITH_REASON,NOT_APPLICABLE_NONCURRENT,NO
NB-A01-LIVE-0009-C0000,NB-A01-LIVE-0009,EXCLUDED_WITH_REASON,NONE_OBSOLETE_OR_UNRELATED,NONE_OBSOLETE_OR_UNRELATED,NONE_EXCLUDED_WITH_REASON,NOT_APPLICABLE_NONCURRENT,NO
NB-A01-LIVE-0009-C0001,NB-A01-LIVE-0009,EXCLUDED_WITH_REASON,NONE_OBSOLETE_OR_UNRELATED,NONE_OBSOLETE_OR_UNRELATED,NONE_EXCLUDED_WITH_REASON,NOT_APPLICABLE_NONCURRENT,NO
NB-A01-LIVE-0009-C0002,NB-A01-LIVE-0009,EXCLUDED_WITH_REASON,NONE_OBSOLETE_OR_UNRELATED,NONE_OBSOLETE_OR_UNRELATED,NONE_EXCLUDED_WITH_REASON,NOT_APPLICABLE_NONCURRENT,NO
NB-A01-LIVE-0009-C0003,NB-A01-LIVE-0009,EXCLUDED_WITH_REASON,NONE_OBSOLETE_OR_UNRELATED,NONE_OBSOLETE_OR_UNRELATED,NONE_EXCLUDED_WITH_REASON,NOT_APPLICABLE_NONCURRENT,NO
NB-A01-LIVE-0009-C0004,NB-A01-LIVE-0009,EXCLUDED_WITH_REASON,NONE_OBSOLETE_OR_UNRELATED,NONE_OBSOLETE_OR_UNRELATED,NONE_EXCLUDED_WITH_REASON,NOT_APPLICABLE_NONCURRENT,NO
NB-A01-LIVE-0009-C0005,NB-A01-LIVE-0009,EXCLUDED_WITH_REASON,NONE_OBSOLETE_OR_UNRELATED,NONE_OBSOLETE_OR_UNRELATED,NONE_EXCLUDED_WITH_REASON,NOT_APPLICABLE_NONCURRENT,NO
NB-A01-LIVE-0009-C0006,NB-A01-LIVE-0009,EXCLUDED_WITH_REASON,NONE_OBSOLETE_OR_UNRELATED,NONE_OBSOLETE_OR_UNRELATED,NONE_EXCLUDED_WITH_REASON,NOT_APPLICABLE_NONCURRENT,NO
NB-A01-LIVE-0009-C0007,NB-A01-LIVE-0009,EXCLUDED_WITH_REASON,NONE_OBSOLETE_OR_UNRELATED,NONE_OBSOLETE_OR_UNRELATED,NONE_EXCLUDED_WITH_REASON,NOT_APPLICABLE_NONCURRENT,NO
NB-A01-LIVE-0009-C0008,NB-A01-LIVE-0009,EXCLUDED_WITH_REASON,NONE_OBSOLETE_OR_UNRELATED,NONE_OBSOLETE_OR_UNRELATED,NONE_EXCLUDED_WITH_REASON,NOT_APPLICABLE_NONCURRENT,NO
NB-A01-LIVE-0009-C0009,NB-A01-LIVE-0009,EXCLUDED_WITH_REASON,NONE_OBSOLETE_OR_UNRELATED,NONE_OBSOLETE_OR_UNRELATED,NONE_EXCLUDED_WITH_REASON,NOT_APPLICABLE_NONCURRENT,NO
NB-A01-LIVE-0009-C0010,NB-A01-LIVE-0009,EXCLUDED_WITH_REASON,NONE_OBSOLETE_OR_UNRELATED,NONE_OBSOLETE_OR_UNRELATED,NONE_EXCLUDED_WITH_REASON,NOT_APPLICABLE_NONCURRENT,NO
NB-A01-LIVE-0010-C0000,NB-A01-LIVE-0010,DUPLICATE_EXACT,NONE_DUPLICATE_NON_AUTHORITY,NONE_DUPLICATE_NON_AUTHORITY,NONE_DUPLICATE_NON_AUTHORITY,NOT_APPLICABLE_NONCURRENT,NO
NB-A01-LIVE-0010-C0001,NB-A01-LIVE-0010,DUPLICATE_EXACT,NONE_DUPLICATE_NON_AUTHORITY,NONE_DUPLICATE_NON_AUTHORITY,NONE_DUPLICATE_NON_AUTHORITY,NOT_APPLICABLE_NONCURRENT,NO
NB-A01-LIVE-0010-C0002,NB-A01-LIVE-0010,DUPLICATE_EXACT,NONE_DUPLICATE_NON_AUTHORITY,NONE_DUPLICATE_NON_AUTHORITY,NONE_DUPLICATE_NON_AUTHORITY,NOT_APPLICABLE_NONCURRENT,NO
NB-A01-LIVE-0010-C0003,NB-A01-LIVE-0010,DUPLICATE_EXACT,NONE_DUPLICATE_NON_AUTHORITY,NONE_DUPLICATE_NON_AUTHORITY,NONE_DUPLICATE_NON_AUTHORITY,NOT_APPLICABLE_NONCURRENT,NO
NB-A01-LIVE-0010-C0004,NB-A01-LIVE-0010,DUPLICATE_EXACT,NONE_DUPLICATE_NON_AUTHORITY,NONE_DUPLICATE_NON_AUTHORITY,NONE_DUPLICATE_NON_AUTHORITY,NOT_APPLICABLE_NONCURRENT,NO
NB-A01-LIVE-0010-C0005,NB-A01-LIVE-0010,DUPLICATE_EXACT,NONE_DUPLICATE_NON_AUTHORITY,NONE_DUPLICATE_NON_AUTHORITY,NONE_DUPLICATE_NON_AUTHORITY,NOT_APPLICABLE_NONCURRENT,NO
NB-A01-LIVE-0010-C0006,NB-A01-LIVE-0010,DUPLICATE_EXACT,NONE_DUPLICATE_NON_AUTHORITY,NONE_DUPLICATE_NON_AUTHORITY,NONE_DUPLICATE_NON_AUTHORITY,NOT_APPLICABLE_NONCURRENT,NO
NB-A01-LIVE-0010-C0007,NB-A01-LIVE-0010,DUPLICATE_EXACT,NONE_DUPLICATE_NON_AUTHORITY,NONE_DUPLICATE_NON_AUTHORITY,NONE_DUPLICATE_NON_AUTHORITY,NOT_APPLICABLE_NONCURRENT,NO
NB-A01-LIVE-0010-C0008,NB-A01-LIVE-0010,DUPLICATE_EXACT,NONE_DUPLICATE_NON_AUTHORITY,NONE_DUPLICATE_NON_AUTHORITY,NONE_DUPLICATE_NON_AUTHORITY,NOT_APPLICABLE_NONCURRENT,NO
NB-A01-LIVE-0010-C0009,NB-A01-LIVE-0010,DUPLICATE_EXACT,NONE_DUPLICATE_NON_AUTHORITY,NONE_DUPLICATE_NON_AUTHORITY,NONE_DUPLICATE_NON_AUTHORITY,NOT_APPLICABLE_NONCURRENT,NO
NB-A01-LIVE-0010-C0010,NB-A01-LIVE-0010,DUPLICATE_EXACT,NONE_DUPLICATE_NON_AUTHORITY,NONE_DUPLICATE_NON_AUTHORITY,NONE_DUPLICATE_NON_AUTHORITY,NOT_APPLICABLE_NONCURRENT,NO
NB-A01-LIVE-0010-C0011,NB-A01-LIVE-0010,DUPLICATE_EXACT,NONE_DUPLICATE_NON_AUTHORITY,NONE_DUPLICATE_NON_AUTHORITY,NONE_DUPLICATE_NON_AUTHORITY,NOT_APPLICABLE_NONCURRENT,NO
NB-A01-LIVE-0010-C0012,NB-A01-LIVE-0010,DUPLICATE_EXACT,NONE_DUPLICATE_NON_AUTHORITY,NONE_DUPLICATE_NON_AUTHORITY,NONE_DUPLICATE_NON_AUTHORITY,NOT_APPLICABLE_NONCURRENT,NO
NB-A01-LIVE-0010-C0013,NB-A01-LIVE-0010,DUPLICATE_EXACT,NONE_DUPLICATE_NON_AUTHORITY,NONE_DUPLICATE_NON_AUTHORITY,NONE_DUPLICATE_NON_AUTHORITY,NOT_APPLICABLE_NONCURRENT,NO
NB-A01-LIVE-0010-C0014,NB-A01-LIVE-0010,DUPLICATE_EXACT,NONE_DUPLICATE_NON_AUTHORITY,NONE_DUPLICATE_NON_AUTHORITY,NONE_DUPLICATE_NON_AUTHORITY,NOT_APPLICABLE_NONCURRENT,NO
NB-A01-LIVE-0010-C0015,NB-A01-LIVE-0010,DUPLICATE_EXACT,NONE_DUPLICATE_NON_AUTHORITY,NONE_DUPLICATE_NON_AUTHORITY,NONE_DUPLICATE_NON_AUTHORITY,NOT_APPLICABLE_NONCURRENT,NO
NB-A01-LIVE-0011-C0000,NB-A01-LIVE-0011,DUPLICATE_EXACT,NONE_DUPLICATE_NON_AUTHORITY,NONE_DUPLICATE_NON_AUTHORITY,NONE_DUPLICATE_NON_AUTHORITY,NOT_APPLICABLE_NONCURRENT,NO
NB-A01-LIVE-0011-C0001,NB-A01-LIVE-0011,DUPLICATE_EXACT,NONE_DUPLICATE_NON_AUTHORITY,NONE_DUPLICATE_NON_AUTHORITY,NONE_DUPLICATE_NON_AUTHORITY,NOT_APPLICABLE_NONCURRENT,NO
NB-A01-LIVE-0011-C0002,NB-A01-LIVE-0011,DUPLICATE_EXACT,NONE_DUPLICATE_NON_AUTHORITY,NONE_DUPLICATE_NON_AUTHORITY,NONE_DUPLICATE_NON_AUTHORITY,NOT_APPLICABLE_NONCURRENT,NO
NB-A01-LIVE-0011-C0003,NB-A01-LIVE-0011,DUPLICATE_EXACT,NONE_DUPLICATE_NON_AUTHORITY,NONE_DUPLICATE_NON_AUTHORITY,NONE_DUPLICATE_NON_AUTHORITY,NOT_APPLICABLE_NONCURRENT,NO
NB-A01-LIVE-0011-C0004,NB-A01-LIVE-0011,DUPLICATE_EXACT,NONE_DUPLICATE_NON_AUTHORITY,NONE_DUPLICATE_NON_AUTHORITY,NONE_DUPLICATE_NON_AUTHORITY,NOT_APPLICABLE_NONCURRENT,NO
NB-A01-LIVE-0011-C0005,NB-A01-LIVE-0011,DUPLICATE_EXACT,NONE_DUPLICATE_NON_AUTHORITY,NONE_DUPLICATE_NON_AUTHORITY,NONE_DUPLICATE_NON_AUTHORITY,NOT_APPLICABLE_NONCURRENT,NO
NB-A01-LIVE-0011-C0006,NB-A01-LIVE-0011,DUPLICATE_EXACT,NONE_DUPLICATE_NON_AUTHORITY,NONE_DUPLICATE_NON_AUTHORITY,NONE_DUPLICATE_NON_AUTHORITY,NOT_APPLICABLE_NONCURRENT,NO
NB-A01-LIVE-0011-C0007,NB-A01-LIVE-0011,DUPLICATE_EXACT,NONE_DUPLICATE_NON_AUTHORITY,NONE_DUPLICATE_NON_AUTHORITY,NONE_DUPLICATE_NON_AUTHORITY,NOT_APPLICABLE_NONCURRENT,NO
NB-A01-LIVE-0011-C0008,NB-A01-LIVE-0011,DUPLICATE_EXACT,NONE_DUPLICATE_NON_AUTHORITY,NONE_DUPLICATE_NON_AUTHORITY,NONE_DUPLICATE_NON_AUTHORITY,NOT_APPLICABLE_NONCURRENT,NO
NB-A01-LIVE-0011-C0009,NB-A01-LIVE-0011,DUPLICATE_EXACT,NONE_DUPLICATE_NON_AUTHORITY,NONE_DUPLICATE_NON_AUTHORITY,NONE_DUPLICATE_NON_AUTHORITY,NOT_APPLICABLE_NONCURRENT,NO
NB-A01-LIVE-0011-C0010,NB-A01-LIVE-0011,DUPLICATE_EXACT,NONE_DUPLICATE_NON_AUTHORITY,NONE_DUPLICATE_NON_AUTHORITY,NONE_DUPLICATE_NON_AUTHORITY,NOT_APPLICABLE_NONCURRENT,NO
NB-A01-LIVE-0012-C0000,NB-A01-LIVE-0012,EXCLUDED_WITH_REASON,NONE_OBSOLETE_OR_UNRELATED,NONE_OBSOLETE_OR_UNRELATED,NONE_EXCLUDED_WITH_REASON,NOT_APPLICABLE_NONCURRENT,NO
NB-A01-LIVE-0012-C0001,NB-A01-LIVE-0012,EXCLUDED_WITH_REASON,NONE_OBSOLETE_OR_UNRELATED,NONE_OBSOLETE_OR_UNRELATED,NONE_EXCLUDED_WITH_REASON,NOT_APPLICABLE_NONCURRENT,NO
NB-A01-LIVE-0012-C0002,NB-A01-LIVE-0012,EXCLUDED_WITH_REASON,NONE_OBSOLETE_OR_UNRELATED,NONE_OBSOLETE_OR_UNRELATED,NONE_EXCLUDED_WITH_REASON,NOT_APPLICABLE_NONCURRENT,NO
NB-A01-LIVE-0012-C0003,NB-A01-LIVE-0012,EXCLUDED_WITH_REASON,NONE_OBSOLETE_OR_UNRELATED,NONE_OBSOLETE_OR_UNRELATED,NONE_EXCLUDED_WITH_REASON,NOT_APPLICABLE_NONCURRENT,NO
NB-A01-LIVE-0012-C0004,NB-A01-LIVE-0012,EXCLUDED_WITH_REASON,NONE_OBSOLETE_OR_UNRELATED,NONE_OBSOLETE_OR_UNRELATED,NONE_EXCLUDED_WITH_REASON,NOT_APPLICABLE_NONCURRENT,NO
NB-A01-LIVE-0012-C0005,NB-A01-LIVE-0012,EXCLUDED_WITH_REASON,NONE_OBSOLETE_OR_UNRELATED,NONE_OBSOLETE_OR_UNRELATED,NONE_EXCLUDED_WITH_REASON,NOT_APPLICABLE_NONCURRENT,NO
NB-A01-LIVE-0012-C0006,NB-A01-LIVE-0012,EXCLUDED_WITH_REASON,NONE_OBSOLETE_OR_UNRELATED,NONE_OBSOLETE_OR_UNRELATED,NONE_EXCLUDED_WITH_REASON,NOT_APPLICABLE_NONCURRENT,NO
NB-A01-LIVE-0012-C0007,NB-A01-LIVE-0012,EXCLUDED_WITH_REASON,NONE_OBSOLETE_OR_UNRELATED,NONE_OBSOLETE_OR_UNRELATED,NONE_EXCLUDED_WITH_REASON,NOT_APPLICABLE_NONCURRENT,NO
NB-A01-LIVE-0012-C0008,NB-A01-LIVE-0012,EXCLUDED_WITH_REASON,NONE_OBSOLETE_OR_UNRELATED,NONE_OBSOLETE_OR_UNRELATED,NONE_EXCLUDED_WITH_REASON,NOT_APPLICABLE_NONCURRENT,NO
NB-A01-LIVE-0012-C0009,NB-A01-LIVE-0012,EXCLUDED_WITH_REASON,NONE_OBSOLETE_OR_UNRELATED,NONE_OBSOLETE_OR_UNRELATED,NONE_EXCLUDED_WITH_REASON,NOT_APPLICABLE_NONCURRENT,NO
NB-A01-LIVE-0012-C0010,NB-A01-LIVE-0012,EXCLUDED_WITH_REASON,NONE_OBSOLETE_OR_UNRELATED,NONE_OBSOLETE_OR_UNRELATED,NONE_EXCLUDED_WITH_REASON,NOT_APPLICABLE_NONCURRENT,NO
NB-LIVE-0001-C0000,NB-LIVE-0001,STATICALLY_PORTED,src/compag_curation/reproducibility/source_state.py,cell_nb_live_0001_c0000,extract-features,PASS,NO
NB-LIVE-0001-C0001,NB-LIVE-0001,STATICALLY_PORTED,src/compag_curation/reproducibility/source_state.py,cell_nb_live_0001_c0001,extract-features,PASS,NO
NB-LIVE-0001-C0002,NB-LIVE-0001,STATICALLY_PORTED,src/compag_curation/reproducibility/source_state.py,cell_nb_live_0001_c0002,extract-features,PASS,NO
NB-LIVE-0001-C0003,NB-LIVE-0001,STATICALLY_PORTED,src/compag_curation/features/extraction.py,cell_nb_live_0001_c0003,extract-features,PASS,NO
NB-LIVE-0001-C0004,NB-LIVE-0001,STATICALLY_PORTED,src/compag_curation/features/extraction.py,cell_nb_live_0001_c0004,extract-features,PASS,NO
NB-LIVE-0001-C0005,NB-LIVE-0001,STATICALLY_PORTED,src/compag_curation/training/xgb.py,cell_nb_live_0001_c0005,train,PASS,NO
NB-LIVE-0001-C0006,NB-LIVE-0001,STATICALLY_PORTED,src/compag_curation/training/xgb.py,cell_nb_live_0001_c0006,train,PASS,NO
NB-LIVE-0001-C0007,NB-LIVE-0001,STATICALLY_PORTED,src/compag_curation/reproducibility/source_state.py,cell_nb_live_0001_c0007,extract-features,PASS,NO
NB-LIVE-0001-C0008,NB-LIVE-0001,STATICALLY_PORTED,src/compag_curation/inference/orchestration.py,cell_nb_live_0001_c0008,infer,PASS,NO
NB-LIVE-0001-C0009,NB-LIVE-0001,STATICALLY_PORTED,src/compag_curation/review/workflow.py,cell_nb_live_0001_c0009,review,PASS,NO
NB-LIVE-0001-C0010,NB-LIVE-0001,STATICALLY_PORTED,src/compag_curation/reproducibility/source_state.py,cell_nb_live_0001_c0010,extract-features,PASS,NO
NB-LIVE-0001-C0011,NB-LIVE-0001,NON_RUNTIME_DIAGNOSTIC,NONE_NON_RUNTIME_DIAGNOSTIC,NONE_NON_RUNTIME_DIAGNOSTIC,NONE_NON_RUNTIME_DIAGNOSTIC,NOT_APPLICABLE_NON_RUNTIME_DIAGNOSTIC,NO
NB-LIVE-0001-C0012,NB-LIVE-0001,NON_RUNTIME_DIAGNOSTIC,NONE_NON_RUNTIME_DIAGNOSTIC,NONE_NON_RUNTIME_DIAGNOSTIC,NONE_NON_RUNTIME_DIAGNOSTIC,NOT_APPLICABLE_NON_RUNTIME_DIAGNOSTIC,NO
NB-LIVE-0004-C0000,NB-LIVE-0004,STATICALLY_PORTED,src/compag_curation/evaluation/points_coverage.py,cell_nb_live_0004_c0000,evaluate,PASS,NO
NB-LIVE-0004-C0001,NB-LIVE-0004,STATICALLY_PORTED,src/compag_curation/evaluation/points_coverage.py,cell_nb_live_0004_c0001,evaluate,PASS,NO
NB-LIVE-0004-C0002,NB-LIVE-0004,NON_RUNTIME_DIAGNOSTIC,NONE_NON_RUNTIME_DIAGNOSTIC,NONE_NON_RUNTIME_DIAGNOSTIC,NONE_NON_RUNTIME_DIAGNOSTIC,NOT_APPLICABLE_NON_RUNTIME_DIAGNOSTIC,NO
NB-LIVE-0004-C0003,NB-LIVE-0004,STATICALLY_PORTED,src/compag_curation/evaluation/points_coverage.py,cell_nb_live_0004_c0003,evaluate,PASS,NO
NB-LIVE-0004-C0004,NB-LIVE-0004,STATICALLY_PORTED,src/compag_curation/evaluation/points_coverage.py,cell_nb_live_0004_c0004,evaluate,PASS,NO
NB-LIVE-0004-C0005,NB-LIVE-0004,MIGRATED_STRUCTURAL,src/compag_curation/evaluation/points_coverage.py,cell_nb_live_0004_c0005,evaluate,PASS,NO
NB-LIVE-0004-C0006,NB-LIVE-0004,MIGRATED_STRUCTURAL,src/compag_curation/evaluation/points_coverage.py,cell_nb_live_0004_c0006,evaluate,PASS,NO
NB-LIVE-0004-C0007,NB-LIVE-0004,NON_RUNTIME_DIAGNOSTIC,NONE_NON_RUNTIME_DIAGNOSTIC,NONE_NON_RUNTIME_DIAGNOSTIC,NONE_NON_RUNTIME_DIAGNOSTIC,NOT_APPLICABLE_NON_RUNTIME_DIAGNOSTIC,NO
NB-LIVE-0005-C0000,NB-LIVE-0005,STATICALLY_PORTED,src/compag_curation/reproducibility/transfer.py,cell_nb_live_0005_c0000,transfer,PASS,NO
NB-LIVE-0005-C0001,NB-LIVE-0005,NON_RUNTIME_DIAGNOSTIC,NONE_NON_RUNTIME_DIAGNOSTIC,NONE_NON_RUNTIME_DIAGNOSTIC,NONE_NON_RUNTIME_DIAGNOSTIC,NOT_APPLICABLE_NON_RUNTIME_DIAGNOSTIC,NO
NB-LIVE-0005-C0002,NB-LIVE-0005,STATICALLY_PORTED,src/compag_curation/reproducibility/transfer.py,cell_nb_live_0005_c0002,transfer,PASS,NO
NB-LIVE-0005-C0003,NB-LIVE-0005,STATICALLY_PORTED,src/compag_curation/reporting/dataset_summary.py,cell_nb_live_0005_c0003,report,PASS,NO
NB-LIVE-0005-C0004,NB-LIVE-0005,NON_RUNTIME_DIAGNOSTIC,NONE_NON_RUNTIME_DIAGNOSTIC,NONE_NON_RUNTIME_DIAGNOSTIC,NONE_NON_RUNTIME_DIAGNOSTIC,NOT_APPLICABLE_NON_RUNTIME_DIAGNOSTIC,NO
NB-LIVE-0006-C0000,NB-LIVE-0006,STATICALLY_PORTED,src/compag_curation/training/xgb.py,cell_nb_live_0006_c0000,train,PASS,NO
NB-LIVE-0006-C0001,NB-LIVE-0006,STATICALLY_PORTED,src/compag_curation/training/xgb.py,cell_nb_live_0006_c0001,train,PASS,NO
NB-LIVE-0006-C0002,NB-LIVE-0006,STATICALLY_PORTED,src/compag_curation/training/xgb.py,cell_nb_live_0006_c0002,train,PASS,NO
NB-LIVE-0006-C0003,NB-LIVE-0006,NON_RUNTIME_DIAGNOSTIC,NONE_NON_RUNTIME_DIAGNOSTIC,NONE_NON_RUNTIME_DIAGNOSTIC,NONE_NON_RUNTIME_DIAGNOSTIC,NOT_APPLICABLE_NON_RUNTIME_DIAGNOSTIC,NO
NB-LIVE-0007-C0000,NB-LIVE-0007,STATICALLY_PORTED,src/compag_curation/training/xgb.py,cell_nb_live_0007_c0000,train,PASS,NO
NB-LIVE-0007-C0001,NB-LIVE-0007,STATICALLY_PORTED,src/compag_curation/training/xgb.py,cell_nb_live_0007_c0001,train,PASS,NO
NB-LIVE-0007-C0002,NB-LIVE-0007,NON_RUNTIME_DIAGNOSTIC,NONE_NON_RUNTIME_DIAGNOSTIC,NONE_NON_RUNTIME_DIAGNOSTIC,NONE_NON_RUNTIME_DIAGNOSTIC,NOT_APPLICABLE_NON_RUNTIME_DIAGNOSTIC,NO
NB-LIVE-0007-C0003,NB-LIVE-0007,NON_RUNTIME_DIAGNOSTIC,NONE_NON_RUNTIME_DIAGNOSTIC,NONE_NON_RUNTIME_DIAGNOSTIC,NONE_NON_RUNTIME_DIAGNOSTIC,NOT_APPLICABLE_NON_RUNTIME_DIAGNOSTIC,NO
NB-LIVE-0007-C0004,NB-LIVE-0007,NON_RUNTIME_DIAGNOSTIC,NONE_NON_RUNTIME_DIAGNOSTIC,NONE_NON_RUNTIME_DIAGNOSTIC,NONE_NON_RUNTIME_DIAGNOSTIC,NOT_APPLICABLE_NON_RUNTIME_DIAGNOSTIC,NO
NB-LIVE-0007-C0005,NB-LIVE-0007,NON_RUNTIME_DIAGNOSTIC,NONE_NON_RUNTIME_DIAGNOSTIC,NONE_NON_RUNTIME_DIAGNOSTIC,NONE_NON_RUNTIME_DIAGNOSTIC,NOT_APPLICABLE_NON_RUNTIME_DIAGNOSTIC,NO
NB-LIVE-0007-C0006,NB-LIVE-0007,STATICALLY_PORTED,src/compag_curation/training/xgb.py,cell_nb_live_0007_c0006,train,PASS,NO
NB-LIVE-0007-C0007,NB-LIVE-0007,STATICALLY_PORTED,src/compag_curation/training/xgb.py,cell_nb_live_0007_c0007,train,PASS,NO
NB-LIVE-0007-C0008,NB-LIVE-0007,NON_RUNTIME_DIAGNOSTIC,NONE_NON_RUNTIME_DIAGNOSTIC,NONE_NON_RUNTIME_DIAGNOSTIC,NONE_NON_RUNTIME_DIAGNOSTIC,NOT_APPLICABLE_NON_RUNTIME_DIAGNOSTIC,NO
NB-LIVE-0008-C0000,NB-LIVE-0008,STATICALLY_PORTED,src/compag_curation/preprocessing/yolo_dataset.py,cell_nb_live_0008_c0000,propose,PASS,NO
NB-LIVE-0008-C0001,NB-LIVE-0008,NON_RUNTIME_DIAGNOSTIC,NONE_NON_RUNTIME_DIAGNOSTIC,NONE_NON_RUNTIME_DIAGNOSTIC,NONE_NON_RUNTIME_DIAGNOSTIC,NOT_APPLICABLE_NON_RUNTIME_DIAGNOSTIC,NO
NB-LIVE-0008-C0002,NB-LIVE-0008,STATICALLY_PORTED,src/compag_curation/training/yolo.py,cell_nb_live_0008_c0002,train,PASS,NO
NB-LIVE-0008-C0003,NB-LIVE-0008,NON_RUNTIME_DIAGNOSTIC,NONE_NON_RUNTIME_DIAGNOSTIC,NONE_NON_RUNTIME_DIAGNOSTIC,NONE_NON_RUNTIME_DIAGNOSTIC,NOT_APPLICABLE_NON_RUNTIME_DIAGNOSTIC,NO
NB-LIVE-0010-C0000,NB-LIVE-0010,STATICALLY_PORTED,src/compag_curation/evaluation/meta_analysis.py,cell_nb_live_0010_c0000,evaluate,PASS,NO
NB-LIVE-0010-C0001,NB-LIVE-0010,STATICALLY_PORTED,src/compag_curation/evaluation/meta_analysis.py,cell_nb_live_0010_c0001,evaluate,PASS,NO
NB-LIVE-0010-C0002,NB-LIVE-0010,STATICALLY_PORTED,src/compag_curation/evaluation/meta_analysis.py,cell_nb_live_0010_c0002,evaluate,PASS,NO
NB-LIVE-0010-C0003,NB-LIVE-0010,STATICALLY_PORTED,src/compag_curation/evaluation/meta_analysis.py,cell_nb_live_0010_c0003,evaluate,PASS,NO
NB-LIVE-0010-C0004,NB-LIVE-0010,STATICALLY_PORTED,src/compag_curation/evaluation/meta_analysis.py,cell_nb_live_0010_c0004,evaluate,PASS,NO
NB-LIVE-0010-C0005,NB-LIVE-0010,STATICALLY_PORTED,src/compag_curation/evaluation/meta_analysis.py,cell_nb_live_0010_c0005,evaluate,PASS,NO
NB-LIVE-0010-C0006,NB-LIVE-0010,STATICALLY_PORTED,src/compag_curation/evaluation/meta_analysis.py,cell_nb_live_0010_c0006,evaluate,PASS,NO
NB-LIVE-0010-C0007,NB-LIVE-0010,STATICALLY_PORTED,src/compag_curation/evaluation/meta_analysis.py,cell_nb_live_0010_c0007,evaluate,PASS,NO
NB-LIVE-0010-C0008,NB-LIVE-0010,STATICALLY_PORTED,src/compag_curation/evaluation/meta_analysis.py,cell_nb_live_0010_c0008,evaluate,PASS,NO
NB-LIVE-0010-C0009,NB-LIVE-0010,STATICALLY_PORTED,src/compag_curation/evaluation/meta_analysis.py,cell_nb_live_0010_c0009,evaluate,PASS,NO
NB-LIVE-0010-C0010,NB-LIVE-0010,STATICALLY_PORTED,src/compag_curation/evaluation/meta_analysis.py,cell_nb_live_0010_c0010,evaluate,PASS,NO
NB-LIVE-0010-C0011,NB-LIVE-0010,STATICALLY_PORTED,src/compag_curation/evaluation/meta_analysis.py,cell_nb_live_0010_c0011,evaluate,PASS,NO
NB-LIVE-0010-C0012,NB-LIVE-0010,STATICALLY_PORTED,src/compag_curation/evaluation/meta_analysis.py,cell_nb_live_0010_c0012,evaluate,PASS,NO
NB-LIVE-0010-C0013,NB-LIVE-0010,STATICALLY_PORTED,src/compag_curation/evaluation/meta_analysis.py,cell_nb_live_0010_c0013,evaluate,PASS,NO
NB-LIVE-0010-C0014,NB-LIVE-0010,STATICALLY_PORTED,src/compag_curation/evaluation/meta_analysis.py,cell_nb_live_0010_c0014,evaluate,PASS,NO
NB-LIVE-0010-C0015,NB-LIVE-0010,STATICALLY_PORTED,src/compag_curation/evaluation/meta_analysis.py,cell_nb_live_0010_c0015,evaluate,PASS,NO
NB-LIVE-0010-C0016,NB-LIVE-0010,STATICALLY_PORTED,src/compag_curation/evaluation/meta_analysis.py,cell_nb_live_0010_c0016,evaluate,PASS,NO
NB-LIVE-0010-C0017,NB-LIVE-0010,STATICALLY_PORTED,src/compag_curation/evaluation/meta_analysis.py,cell_nb_live_0010_c0017,evaluate,PASS,NO
NB-LIVE-0010-C0018,NB-LIVE-0010,STATICALLY_PORTED,src/compag_curation/evaluation/meta_analysis.py,cell_nb_live_0010_c0018,evaluate,PASS,NO
NB-LIVE-0010-C0019,NB-LIVE-0010,STATICALLY_PORTED,src/compag_curation/evaluation/meta_analysis.py,cell_nb_live_0010_c0019,evaluate,PASS,NO
NB-LIVE-0010-C0020,NB-LIVE-0010,STATICALLY_PORTED,src/compag_curation/evaluation/meta_analysis.py,cell_nb_live_0010_c0020,evaluate,PASS,NO
NB-LIVE-0010-C0021,NB-LIVE-0010,NON_RUNTIME_DIAGNOSTIC,NONE_NON_RUNTIME_DIAGNOSTIC,NONE_NON_RUNTIME_DIAGNOSTIC,NONE_NON_RUNTIME_DIAGNOSTIC,NOT_APPLICABLE_NON_RUNTIME_DIAGNOSTIC,NO
NB-LIVE-0011-C0000,NB-LIVE-0011,STATICALLY_PORTED,src/compag_curation/evaluation/border_tiny.py,cell_nb_live_0011_c0000,evaluate,PASS,NO
NB-LIVE-0011-C0001,NB-LIVE-0011,STATICALLY_PORTED,src/compag_curation/evaluation/border_tiny.py,cell_nb_live_0011_c0001,evaluate,PASS,NO
NB-LIVE-0011-C0002,NB-LIVE-0011,STATICALLY_PORTED,src/compag_curation/evaluation/border_tiny.py,cell_nb_live_0011_c0002,evaluate,PASS,NO
NB-LIVE-0011-C0003,NB-LIVE-0011,STATICALLY_PORTED,src/compag_curation/evaluation/border_tiny.py,cell_nb_live_0011_c0003,evaluate,PASS,NO
NB-LIVE-0011-C0004,NB-LIVE-0011,STATICALLY_PORTED,src/compag_curation/evaluation/border_tiny.py,cell_nb_live_0011_c0004,evaluate,PASS,NO
NB-LIVE-0011-C0005,NB-LIVE-0011,STATICALLY_PORTED,src/compag_curation/evaluation/border_tiny.py,cell_nb_live_0011_c0005,evaluate,PASS,NO
NB-LIVE-0011-C0006,NB-LIVE-0011,STATICALLY_PORTED,src/compag_curation/evaluation/border_tiny.py,cell_nb_live_0011_c0006,evaluate,PASS,NO
NB-LIVE-0011-C0007,NB-LIVE-0011,NON_RUNTIME_DIAGNOSTIC,NONE_NON_RUNTIME_DIAGNOSTIC,NONE_NON_RUNTIME_DIAGNOSTIC,NONE_NON_RUNTIME_DIAGNOSTIC,NOT_APPLICABLE_NON_RUNTIME_DIAGNOSTIC,NO
NB-LIVE-0012-C0000,NB-LIVE-0012,STATICALLY_PORTED,src/compag_curation/reporting/plots.py,cell_nb_live_0012_c0000,report,PASS,NO
NB-LIVE-0012-C0001,NB-LIVE-0012,STATICALLY_PORTED,src/compag_curation/reporting/plots.py,cell_nb_live_0012_c0001,report,PASS,NO
NB-LIVE-0012-C0002,NB-LIVE-0012,STATICALLY_PORTED,src/compag_curation/reporting/plots.py,cell_nb_live_0012_c0002,report,PASS,NO
NB-LIVE-0012-C0003,NB-LIVE-0012,STATICALLY_PORTED,src/compag_curation/reporting/plots.py,cell_nb_live_0012_c0003,report,PASS,NO
NB-LIVE-0012-C0004,NB-LIVE-0012,NON_RUNTIME_DIAGNOSTIC,NONE_NON_RUNTIME_DIAGNOSTIC,NONE_NON_RUNTIME_DIAGNOSTIC,NONE_NON_RUNTIME_DIAGNOSTIC,NOT_APPLICABLE_NON_RUNTIME_DIAGNOSTIC,NO
NB-LIVE-0012-C0005,NB-LIVE-0012,STATICALLY_PORTED,src/compag_curation/reporting/plots.py,cell_nb_live_0012_c0005,report,PASS,NO
NB-LIVE-0012-C0006,NB-LIVE-0012,STATICALLY_PORTED,src/compag_curation/reporting/plots.py,cell_nb_live_0012_c0006,report,PASS,NO
NB-LIVE-0012-C0007,NB-LIVE-0012,STATICALLY_PORTED,src/compag_curation/reporting/plots.py,cell_nb_live_0012_c0007,report,PASS,NO
NB-LIVE-0012-C0008,NB-LIVE-0012,STATICALLY_PORTED,src/compag_curation/reporting/plots.py,cell_nb_live_0012_c0008,report,PASS,NO
NB-LIVE-0012-C0009,NB-LIVE-0012,STATICALLY_PORTED,src/compag_curation/reporting/plots.py,cell_nb_live_0012_c0009,report,PASS,NO
NB-LIVE-0012-C0010,NB-LIVE-0012,STATICALLY_PORTED,src/compag_curation/reporting/plots.py,cell_nb_live_0012_c0010,report,PASS,NO
NB-LIVE-0012-C0011,NB-LIVE-0012,STATICALLY_PORTED,src/compag_curation/reporting/plots.py,cell_nb_live_0012_c0011,report,PASS,NO
NB-LIVE-0012-C0012,NB-LIVE-0012,STATICALLY_PORTED,src/compag_curation/reporting/plots.py,cell_nb_live_0012_c0012,report,PASS,NO
NB-LIVE-0012-C0013,NB-LIVE-0012,NON_RUNTIME_DIAGNOSTIC,NONE_NON_RUNTIME_DIAGNOSTIC,NONE_NON_RUNTIME_DIAGNOSTIC,NONE_NON_RUNTIME_DIAGNOSTIC,NOT_APPLICABLE_NON_RUNTIME_DIAGNOSTIC,NO
NB-LIVE-0012-C0014,NB-LIVE-0012,STATICALLY_PORTED,src/compag_curation/reporting/plots.py,cell_nb_live_0012_c0014,report,PASS,NO
NB-LIVE-0012-C0015,NB-LIVE-0012,STATICALLY_PORTED,src/compag_curation/reporting/plots.py,cell_nb_live_0012_c0015,report,PASS,NO
NB-LIVE-0012-C0016,NB-LIVE-0012,STATICALLY_PORTED,src/compag_curation/reporting/plots.py,cell_nb_live_0012_c0016,report,PASS,NO
NB-LIVE-0012-C0017,NB-LIVE-0012,STATICALLY_PORTED,src/compag_curation/reporting/plots.py,cell_nb_live_0012_c0017,report,PASS,NO
NB-LIVE-0012-C0018,NB-LIVE-0012,STATICALLY_PORTED,src/compag_curation/reporting/plots.py,cell_nb_live_0012_c0018,report,PASS,NO
NB-LIVE-0012-C0019,NB-LIVE-0012,STATICALLY_PORTED,src/compag_curation/reporting/plots.py,cell_nb_live_0012_c0019,report,PASS,NO
NB-LIVE-0012-C0020,NB-LIVE-0012,STATICALLY_PORTED,src/compag_curation/reporting/plots.py,cell_nb_live_0012_c0020,report,PASS,NO
NB-LIVE-0012-C0021,NB-LIVE-0012,STATICALLY_PORTED,src/compag_curation/reporting/plots.py,cell_nb_live_0012_c0021,report,PASS,NO
NB-LIVE-0012-C0022,NB-LIVE-0012,STATICALLY_PORTED,src/compag_curation/reporting/plots.py,cell_nb_live_0012_c0022,report,PASS,NO
NB-LIVE-0012-C0023,NB-LIVE-0012,STATICALLY_PORTED,src/compag_curation/reporting/plots.py,cell_nb_live_0012_c0023,report,PASS,NO
NB-LIVE-0012-C0024,NB-LIVE-0012,STATICALLY_PORTED,src/compag_curation/reporting/plots.py,cell_nb_live_0012_c0024,report,PASS,NO
NB-LIVE-0012-C0025,NB-LIVE-0012,STATICALLY_PORTED,src/compag_curation/reporting/plots.py,cell_nb_live_0012_c0025,report,PASS,NO
NB-LIVE-0012-C0026,NB-LIVE-0012,STATICALLY_PORTED,src/compag_curation/reporting/plots.py,cell_nb_live_0012_c0026,report,PASS,NO
NB-LIVE-0012-C0027,NB-LIVE-0012,STATICALLY_PORTED,src/compag_curation/reporting/plots.py,cell_nb_live_0012_c0027,report,PASS,NO
NB-LIVE-0012-C0028,NB-LIVE-0012,STATICALLY_PORTED,src/compag_curation/reporting/plots.py,cell_nb_live_0012_c0028,report,PASS,NO
NB-LIVE-0012-C0029,NB-LIVE-0012,NON_RUNTIME_DIAGNOSTIC,NONE_NON_RUNTIME_DIAGNOSTIC,NONE_NON_RUNTIME_DIAGNOSTIC,NONE_NON_RUNTIME_DIAGNOSTIC,NOT_APPLICABLE_NON_RUNTIME_DIAGNOSTIC,NO
