cell_id,notebook_id,cell_index,code_cell_ordinal,source_sha256,source_token_fingerprint,canonical_cell_id,is_canonical_for_source_identity,occurrence_disposition
NB-A01-ARCHIVE-0013-C0000,NB-A01-ARCHIVE-0013,0,0,e1e61c644aee5fbf7baf12e900edb00dfa3468a20a7b86d7a0ec8f70437ec56f,a212efe318d3779083b2c1bb1c553e8da91227d25fa2dd1e4d6febf89d4fcb74,NB-A01-ARCHIVE-0013-C0000,YES,DUPLICATE_EXACT
NB-A01-ARCHIVE-0013-C0001,NB-A01-ARCHIVE-0013,1,1,4bda1e496ee93bf62a8f549aab74b28724993432c30088873b82c1cc02231c7f,9b55bcae7b5ce40c091e225fbf965de145e034f389342b2d7e6988eaaf1e0dfc,NB-LIVE-0001-C0001,NO,DUPLICATE_EXACT
NB-A01-ARCHIVE-0013-C0002,NB-A01-ARCHIVE-0013,2,2,993f2425d6b62786fdd47170414fc56d5dbededc3752b3b9c7547d72f9988e7d,16012b85998d9d86821b2377be052afd018a09a930a82dbdacb8137d40bcfb7c,NB-LIVE-0001-C0002,NO,DUPLICATE_EXACT
NB-A01-ARCHIVE-0013-C0003,NB-A01-ARCHIVE-0013,3,3,e67b1fa566e66a65fde236fc6988d966b3c97cc39b5eaaa70df64c8242a6527b,5e324de053c350ee2de8f253add9d5bf9cc3b40ba8fe286aa3ca9a37b613c4ac,NB-LIVE-0001-C0003,NO,DUPLICATE_EXACT
NB-A01-ARCHIVE-0013-C0004,NB-A01-ARCHIVE-0013,4,4,be42aa07d12bea3245acd1e2593e5e43bfd16ab8fb7e83143a75f6b3c8b4fb0b,54746dcadefbba52733ae93d776c58e200e6820653a2210b4c86d40bac9a7620,NB-A01-ARCHIVE-0013-C0004,YES,DUPLICATE_EXACT
NB-A01-ARCHIVE-0013-C0005,NB-A01-ARCHIVE-0013,5,5,4ea3e4a0d697a8ce1762a8332a4916b0c1d45db19c0f2a9991691d455a6fe333,796ae461bce703425984d3019d8ba971af282c7246dc8ec43ce38f24b6fc948f,NB-A01-ARCHIVE-0013-C0005,YES,DUPLICATE_EXACT
NB-A01-ARCHIVE-0013-C0006,NB-A01-ARCHIVE-0013,6,6,37a31c244b46126f18b37f651b070efcec1db4e7b749075d690177aae2917633,e5d1ace4570cc91bb6a279197b48146dbb2d7d1190214c625fa2216a79b1b8a1,NB-A01-ARCHIVE-0013-C0006,YES,DUPLICATE_EXACT
NB-A01-ARCHIVE-0013-C0007,NB-A01-ARCHIVE-0013,8,7,6a92258529099737f6d3b74c91c5c9445f7ddcfb6bc6142539008d0ed37fae78,fa5e4dce6d1938f6aee05a6c916e74710c76bf7c60fb8abb280e4e053d3a8d2a,NB-A01-ARCHIVE-0013-C0007,YES,DUPLICATE_EXACT
NB-A01-ARCHIVE-0013-C0008,NB-A01-ARCHIVE-0013,9,8,bde33adb973e2d570d37400594844419b9e14a6907c087ad2cc0ff46d6b4f8fe,e3b0c44298fc1c149afbf4c8996fb92427ae41e4649b934ca495991b7852b855,NB-A01-ARCHIVE-0013-C0008,YES,DUPLICATE_EXACT
NB-A01-ARCHIVE-0013-C0009,NB-A01-ARCHIVE-0013,10,9,de11be5e121a54f06b8b62e6f7ad14360302656f5d6a15c8d6d932d60bb2aed1,40f1195182bec18383422905bff0963400b10ab7cc913d4764ec733aff4161fc,NB-A01-ARCHIVE-0013-C0009,YES,DUPLICATE_EXACT
NB-A01-ARCHIVE-0013-C0010,NB-A01-ARCHIVE-0013,11,10,e3b0c44298fc1c149afbf4c8996fb92427ae41e4649b934ca495991b7852b855,e3b0c44298fc1c149afbf4c8996fb92427ae41e4649b934ca495991b7852b855,NB-LIVE-0001-C0011,NO,DUPLICATE_EXACT
NB-A01-LIVE-0001-C0000,NB-A01-LIVE-0001,0,0,a94f6549c8dddf5addbc6f6dbdc1dc921300b6441a4c9bf2098d31a93c984c8d,d67f35f17bac33976d643c150b70df24d5098b67f507e0b767acca8ae84e6f8e,NB-A01-LIVE-0001-C0000,YES,EXCLUDED_WITH_REASON
NB-A01-LIVE-0001-C0001,NB-A01-LIVE-0001,1,1,4bda1e496ee93bf62a8f549aab74b28724993432c30088873b82c1cc02231c7f,9b55bcae7b5ce40c091e225fbf965de145e034f389342b2d7e6988eaaf1e0dfc,NB-LIVE-0001-C0001,NO,EXCLUDED_WITH_REASON
NB-A01-LIVE-0001-C0002,NB-A01-LIVE-0001,2,2,993f2425d6b62786fdd47170414fc56d5dbededc3752b3b9c7547d72f9988e7d,16012b85998d9d86821b2377be052afd018a09a930a82dbdacb8137d40bcfb7c,NB-LIVE-0001-C0002,NO,EXCLUDED_WITH_REASON
NB-A01-LIVE-0001-C0003,NB-A01-LIVE-0001,3,3,e67b1fa566e66a65fde236fc6988d966b3c97cc39b5eaaa70df64c8242a6527b,5e324de053c350ee2de8f253add9d5bf9cc3b40ba8fe286aa3ca9a37b613c4ac,NB-LIVE-0001-C0003,NO,EXCLUDED_WITH_REASON
NB-A01-LIVE-0001-C0004,NB-A01-LIVE-0001,4,4,be42aa07d12bea3245acd1e2593e5e43bfd16ab8fb7e83143a75f6b3c8b4fb0b,54746dcadefbba52733ae93d776c58e200e6820653a2210b4c86d40bac9a7620,NB-A01-ARCHIVE-0013-C0004,NO,EXCLUDED_WITH_REASON
NB-A01-LIVE-0001-C0005,NB-A01-LIVE-0001,5,5,de095452427c914424fded0e0992d952d3f4d870cf83ef86a2f164091f5515eb,0da73df0daa5b2494a3c6babd060420a42377a939b2bc18f4b50b2699a0bb62f,NB-A01-LIVE-0001-C0005,YES,EXCLUDED_WITH_REASON
NB-A01-LIVE-0001-C0006,NB-A01-LIVE-0001,6,6,977733da1e2fb3c482e30dcc1e4c8ca8bc38647f1a8c2f0cc42f535e3491fb46,12269907f87080f00fd0b9c526f5a4326a72ca8f1cbdab9444c0e934a3e563d0,NB-A01-LIVE-0001-C0006,YES,EXCLUDED_WITH_REASON
NB-A01-LIVE-0001-C0007,NB-A01-LIVE-0001,8,7,8088a259b8debce617b8101802f28455c47872a1c17bdc20ec95dad0f33ce486,e3b0c44298fc1c149afbf4c8996fb92427ae41e4649b934ca495991b7852b855,NB-A01-LIVE-0001-C0007,YES,EXCLUDED_WITH_REASON
NB-A01-LIVE-0001-C0008,NB-A01-LIVE-0001,9,8,f74a5f3ac5e22372807a2d5e57185ef9d445b1f4b4d1744c729503d452424442,e3b0c44298fc1c149afbf4c8996fb92427ae41e4649b934ca495991b7852b855,NB-A01-LIVE-0001-C0008,YES,EXCLUDED_WITH_REASON
NB-A01-LIVE-0001-C0009,NB-A01-LIVE-0001,10,9,7dbcab6e770d54c27d57561d6986e03917cb90408bb149fe6b6bd9805ef7a0ad,e3b0c44298fc1c149afbf4c8996fb92427ae41e4649b934ca495991b7852b855,NB-A01-LIVE-0001-C0009,YES,EXCLUDED_WITH_REASON
NB-A01-LIVE-0001-C0010,NB-A01-LIVE-0001,11,10,9b656febb934cdb07c58545d2d7593e5dfef3f08df85fa2a88326fbad2fd3d0d,10a8653eb9db8cbafa2078ad754c927f88de8b9bb7ae91abc052437d68a33d7e,NB-A01-LIVE-0001-C0010,YES,EXCLUDED_WITH_REASON
NB-A01-LIVE-0001-C0011,NB-A01-LIVE-0001,12,11,5d8b263df598ada41a512b8be7a151bb5b73459116e7987d478367dea5c18a4b,b31d6f8ec89678a969da0ec8ce13fe68db920787cafa7acddf4f275e3d467656,NB-A01-LIVE-0001-C0011,YES,EXCLUDED_WITH_REASON
NB-A01-LIVE-0001-C0012,NB-A01-LIVE-0001,14,12,919c4a5aca87a83bfcbb6895fa98071c4cd4465c4c6f181525469d08fbb2d9d2,6fa089e809511ede2ca324dfa777712f08b076be4a653ca91e6ec5204126d01e,NB-A01-LIVE-0001-C0012,YES,EXCLUDED_WITH_REASON
NB-A01-LIVE-0001-C0013,NB-A01-LIVE-0001,15,13,b237cd2c63a5b76a939cd6499ec94e0fff8205b88d4ad08a8390456144ea2eb1,e3b0c44298fc1c149afbf4c8996fb92427ae41e4649b934ca495991b7852b855,NB-A01-LIVE-0001-C0013,YES,EXCLUDED_WITH_REASON
NB-A01-LIVE-0001-C0014,NB-A01-LIVE-0001,16,14,0fae7b5107a02925cc75caa75fcf0363bea478be43193424ec08e8e94af38e91,fa7c6a9e964a03422cc3df97f9f200dc242edbf717b8ec6efa08fb2924ce2bae,NB-A01-LIVE-0001-C0014,YES,EXCLUDED_WITH_REASON
NB-A01-LIVE-0001-C0015,NB-A01-LIVE-0001,17,15,e3b0c44298fc1c149afbf4c8996fb92427ae41e4649b934ca495991b7852b855,e3b0c44298fc1c149afbf4c8996fb92427ae41e4649b934ca495991b7852b855,NB-LIVE-0001-C0011,NO,EXCLUDED_WITH_REASON
NB-A01-LIVE-0001-C0016,NB-A01-LIVE-0001,18,16,e3b0c44298fc1c149afbf4c8996fb92427ae41e4649b934ca495991b7852b855,e3b0c44298fc1c149afbf4c8996fb92427ae41e4649b934ca495991b7852b855,NB-LIVE-0001-C0011,NO,EXCLUDED_WITH_REASON
NB-A01-LIVE-0002-C0000,NB-A01-LIVE-0002,0,0,2de61b595383b3de1e54221ddd7583d867a51c923cb8622a2806b079319b5257,16f9ebc2dc4596a863dbc92723464191bb36235727861be50f7b2fa5bb9deee6,NB-A01-LIVE-0002-C0000,YES,EXCLUDED_WITH_REASON
NB-A01-LIVE-0002-C0001,NB-A01-LIVE-0002,1,1,4bda1e496ee93bf62a8f549aab74b28724993432c30088873b82c1cc02231c7f,9b55bcae7b5ce40c091e225fbf965de145e034f389342b2d7e6988eaaf1e0dfc,NB-LIVE-0001-C0001,NO,EXCLUDED_WITH_REASON
NB-A01-LIVE-0002-C0002,NB-A01-LIVE-0002,2,2,993f2425d6b62786fdd47170414fc56d5dbededc3752b3b9c7547d72f9988e7d,16012b85998d9d86821b2377be052afd018a09a930a82dbdacb8137d40bcfb7c,NB-LIVE-0001-C0002,NO,EXCLUDED_WITH_REASON
NB-A01-LIVE-0002-C0003,NB-A01-LIVE-0002,3,3,e67b1fa566e66a65fde236fc6988d966b3c97cc39b5eaaa70df64c8242a6527b,5e324de053c350ee2de8f253add9d5bf9cc3b40ba8fe286aa3ca9a37b613c4ac,NB-LIVE-0001-C0003,NO,EXCLUDED_WITH_REASON
NB-A01-LIVE-0002-C0004,NB-A01-LIVE-0002,4,4,be42aa07d12bea3245acd1e2593e5e43bfd16ab8fb7e83143a75f6b3c8b4fb0b,54746dcadefbba52733ae93d776c58e200e6820653a2210b4c86d40bac9a7620,NB-A01-ARCHIVE-0013-C0004,NO,EXCLUDED_WITH_REASON
NB-A01-LIVE-0002-C0005,NB-A01-LIVE-0002,6,5,87be7ad21eb1c8b32348b22fd9bd0663668824b5c06e7ab0d18c51cd1c1605c6,e3b0c44298fc1c149afbf4c8996fb92427ae41e4649b934ca495991b7852b855,NB-A01-LIVE-0002-C0005,YES,EXCLUDED_WITH_REASON
NB-A01-LIVE-0002-C0006,NB-A01-LIVE-0002,7,6,de095452427c914424fded0e0992d952d3f4d870cf83ef86a2f164091f5515eb,0da73df0daa5b2494a3c6babd060420a42377a939b2bc18f4b50b2699a0bb62f,NB-A01-LIVE-0001-C0005,NO,EXCLUDED_WITH_REASON
NB-A01-LIVE-0002-C0007,NB-A01-LIVE-0002,8,7,977733da1e2fb3c482e30dcc1e4c8ca8bc38647f1a8c2f0cc42f535e3491fb46,12269907f87080f00fd0b9c526f5a4326a72ca8f1cbdab9444c0e934a3e563d0,NB-A01-LIVE-0001-C0006,NO,EXCLUDED_WITH_REASON
NB-A01-LIVE-0002-C0008,NB-A01-LIVE-0002,10,8,5103a777caa8ffda0f3b05961b102f1cdcc295d97af61ea51c43b0cc83f24302,e3b0c44298fc1c149afbf4c8996fb92427ae41e4649b934ca495991b7852b855,NB-A01-LIVE-0002-C0008,YES,EXCLUDED_WITH_REASON
NB-A01-LIVE-0002-C0009,NB-A01-LIVE-0002,12,9,e1b4a169395f3f873edb7804339340bceba3c1907ec1e1ac52cb8af51d42e23d,ec06095f04e8adf8a5750754114f7c60777dd0fbf3bea698fdeb19e2dd9ae59a,NB-A01-LIVE-0002-C0009,YES,EXCLUDED_WITH_REASON
NB-A01-LIVE-0002-C0010,NB-A01-LIVE-0002,14,10,f576fcd625a336a3faf4bf0a6e716d4aa5d40ab59a61910a8ae65a5621364f57,e3b0c44298fc1c149afbf4c8996fb92427ae41e4649b934ca495991b7852b855,NB-A01-LIVE-0002-C0010,YES,EXCLUDED_WITH_REASON
NB-A01-LIVE-0002-C0011,NB-A01-LIVE-0002,16,11,166d250bb08853e01378e38385cd277e81498852797980a7c02c71430d5c2a01,e3b0c44298fc1c149afbf4c8996fb92427ae41e4649b934ca495991b7852b855,NB-A01-LIVE-0002-C0011,YES,EXCLUDED_WITH_REASON
NB-A01-LIVE-0002-C0012,NB-A01-LIVE-0002,18,12,919c4a5aca87a83bfcbb6895fa98071c4cd4465c4c6f181525469d08fbb2d9d2,6fa089e809511ede2ca324dfa777712f08b076be4a653ca91e6ec5204126d01e,NB-A01-LIVE-0001-C0012,NO,EXCLUDED_WITH_REASON
NB-A01-LIVE-0002-C0013,NB-A01-LIVE-0002,19,13,bde33adb973e2d570d37400594844419b9e14a6907c087ad2cc0ff46d6b4f8fe,e3b0c44298fc1c149afbf4c8996fb92427ae41e4649b934ca495991b7852b855,NB-A01-ARCHIVE-0013-C0008,NO,EXCLUDED_WITH_REASON
NB-A01-LIVE-0002-C0014,NB-A01-LIVE-0002,21,14,3e0a1e5b687847464d929d2ff82cd46bb9e0150aa53bc3ab1f3bb849ccce44cb,e3b0c44298fc1c149afbf4c8996fb92427ae41e4649b934ca495991b7852b855,NB-A01-LIVE-0002-C0014,YES,EXCLUDED_WITH_REASON
NB-A01-LIVE-0002-C0015,NB-A01-LIVE-0002,22,15,de11be5e121a54f06b8b62e6f7ad14360302656f5d6a15c8d6d932d60bb2aed1,40f1195182bec18383422905bff0963400b10ab7cc913d4764ec733aff4161fc,NB-A01-ARCHIVE-0013-C0009,NO,EXCLUDED_WITH_REASON
NB-A01-LIVE-0002-C0016,NB-A01-LIVE-0002,23,16,e3b0c44298fc1c149afbf4c8996fb92427ae41e4649b934ca495991b7852b855,e3b0c44298fc1c149afbf4c8996fb92427ae41e4649b934ca495991b7852b855,NB-LIVE-0001-C0011,NO,EXCLUDED_WITH_REASON
NB-A01-LIVE-0002-C0017,NB-A01-LIVE-0002,24,17,e3b0c44298fc1c149afbf4c8996fb92427ae41e4649b934ca495991b7852b855,e3b0c44298fc1c149afbf4c8996fb92427ae41e4649b934ca495991b7852b855,NB-LIVE-0001-C0011,NO,EXCLUDED_WITH_REASON
NB-A01-LIVE-0003-C0000,NB-A01-LIVE-0003,0,0,019941699884d07fb3a4dd63da3c7968e2dab95aa326f55abdf9a8109187b943,b6e70e94a3b38556737ac55705932831fcc5e764f7031aa27b0a04c5fbc4b8dc,NB-A01-LIVE-0003-C0000,YES,EXCLUDED_WITH_REASON
NB-A01-LIVE-0003-C0001,NB-A01-LIVE-0003,1,1,e3b0c44298fc1c149afbf4c8996fb92427ae41e4649b934ca495991b7852b855,e3b0c44298fc1c149afbf4c8996fb92427ae41e4649b934ca495991b7852b855,NB-LIVE-0001-C0011,NO,EXCLUDED_WITH_REASON
NB-A01-LIVE-0004-C0000,NB-A01-LIVE-0004,0,0,3c286db0e9bcab443cc8cfa0a652e3c06e0d98d1d99289d391c6d5e6db43cd39,e3b0c44298fc1c149afbf4c8996fb92427ae41e4649b934ca495991b7852b855,NB-A01-LIVE-0004-C0000,YES,EXCLUDED_WITH_REASON
NB-A01-LIVE-0004-C0001,NB-A01-LIVE-0004,1,1,e8d79e31542c43cb6a9ae3a80c2fe42c506a309b662dec4ed0f73ac3404cbded,e3b0c44298fc1c149afbf4c8996fb92427ae41e4649b934ca495991b7852b855,NB-A01-LIVE-0004-C0001,YES,EXCLUDED_WITH_REASON
NB-A01-LIVE-0004-C0002,NB-A01-LIVE-0004,2,2,2955705df8ebb821522a932e0da24701c037815cb92e93d58eee53cb6a6d1950,9f2273db002479d034a3c031f6fb38ca72effa3a59f96e00f1c49a0e6353f3d5,NB-A01-LIVE-0004-C0002,YES,EXCLUDED_WITH_REASON
NB-A01-LIVE-0004-C0003,NB-A01-LIVE-0004,3,3,4bda1e496ee93bf62a8f549aab74b28724993432c30088873b82c1cc02231c7f,9b55bcae7b5ce40c091e225fbf965de145e034f389342b2d7e6988eaaf1e0dfc,NB-LIVE-0001-C0001,NO,EXCLUDED_WITH_REASON
NB-A01-LIVE-0004-C0004,NB-A01-LIVE-0004,4,4,993f2425d6b62786fdd47170414fc56d5dbededc3752b3b9c7547d72f9988e7d,16012b85998d9d86821b2377be052afd018a09a930a82dbdacb8137d40bcfb7c,NB-LIVE-0001-C0002,NO,EXCLUDED_WITH_REASON
NB-A01-LIVE-0004-C0005,NB-A01-LIVE-0004,5,5,c7c5b5acd2f9bc573f7f1e09e2782a494bbadddb648ef2ff6c2a9426bae061f8,7568b268d7db4d9185f404e5400d396514c103097c1c4e50edf0851ecae70205,NB-A01-LIVE-0004-C0005,YES,EXCLUDED_WITH_REASON
NB-A01-LIVE-0004-C0006,NB-A01-LIVE-0004,6,6,36ef0928c42fc2b63b973f060569fd49a483a10f8d108c51bab881b5de9b8f87,8afa73630f63a82ef233edb3997300ede2be85b3f563525f4c51bb3b50979c9e,NB-A01-LIVE-0004-C0006,YES,EXCLUDED_WITH_REASON
NB-A01-LIVE-0004-C0007,NB-A01-LIVE-0004,7,7,e484d1f4c23896e11ed5c82e3aa71d297035d9589d385f30cfe0bb6475e84263,b0584d37e2e3717d2454cc282b38d78295fe278d37563fe9e1f6e24907e324dd,NB-A01-LIVE-0004-C0007,YES,EXCLUDED_WITH_REASON
NB-A01-LIVE-0004-C0008,NB-A01-LIVE-0004,8,8,d0484da5d5bc88474dc14619f7e8e8b45e139ba6c48cf481cb78eda740df72b6,cb85b4b9cc7e32ab3fe5b681f73a7660d31eb5c3e00ed32eab2bcf568a74e8d1,NB-A01-LIVE-0004-C0008,YES,EXCLUDED_WITH_REASON
NB-A01-LIVE-0004-C0009,NB-A01-LIVE-0004,9,9,cb67ab04c9fe41816dfdbc98c1389963aa0b637b042b2565a0a8b4780d3e7e11,ddee111d2474dbee861db5994381070dc3bb045ad05336dffdbde93a9004d861,NB-A01-LIVE-0004-C0009,YES,EXCLUDED_WITH_REASON
NB-A01-LIVE-0004-C0010,NB-A01-LIVE-0004,10,10,877dfab08ddbaace2d6d7e660df030a460268b83d06b367dc2adb8edb5cb7779,e3b0c44298fc1c149afbf4c8996fb92427ae41e4649b934ca495991b7852b855,NB-A01-LIVE-0004-C0010,YES,EXCLUDED_WITH_REASON
NB-A01-LIVE-0004-C0011,NB-A01-LIVE-0004,11,11,35912d935da84474a2ca38644ea6b7380449223b116c446864b406e99c37a5ea,e3b0c44298fc1c149afbf4c8996fb92427ae41e4649b934ca495991b7852b855,NB-A01-LIVE-0004-C0011,YES,EXCLUDED_WITH_REASON
NB-A01-LIVE-0004-C0012,NB-A01-LIVE-0004,12,12,a330d858b4ffb719d390c53ec5e9829f8081f2e7908030e256db405e66f0fd82,c4849b899de6a0dffcf3cade4437ff64962fd00721c8ed6354b07cea483c39b4,NB-A01-LIVE-0004-C0012,YES,EXCLUDED_WITH_REASON
NB-A01-LIVE-0004-C0013,NB-A01-LIVE-0004,13,13,25fcef29304853d6b3b0f95ba1d4f8224361566a4109b004a9bd97fbb67bbfb7,e3b0c44298fc1c149afbf4c8996fb92427ae41e4649b934ca495991b7852b855,NB-A01-LIVE-0004-C0013,YES,EXCLUDED_WITH_REASON
NB-A01-LIVE-0004-C0014,NB-A01-LIVE-0004,14,14,de11be5e121a54f06b8b62e6f7ad14360302656f5d6a15c8d6d932d60bb2aed1,40f1195182bec18383422905bff0963400b10ab7cc913d4764ec733aff4161fc,NB-A01-ARCHIVE-0013-C0009,NO,EXCLUDED_WITH_REASON
NB-A01-LIVE-0004-C0015,NB-A01-LIVE-0004,15,15,e3b0c44298fc1c149afbf4c8996fb92427ae41e4649b934ca495991b7852b855,e3b0c44298fc1c149afbf4c8996fb92427ae41e4649b934ca495991b7852b855,NB-LIVE-0001-C0011,NO,EXCLUDED_WITH_REASON
NB-A01-LIVE-0005-C0000,NB-A01-LIVE-0005,0,0,4f4c33a45129a0eab53520a4b27b6eba156c73609743419a1df38a2f2da0b96b,1b71fe295398bb1fb2a3df7104464363fe42e1b5f2c355d6b6784eced7f0e7b9,NB-LIVE-0005-C0000,NO,EXCLUDED_WITH_REASON
NB-A01-LIVE-0005-C0001,NB-A01-LIVE-0005,1,1,c56bec2eddb8abce86290cbce0c75040891325f383d7744a9ae75d517c964f72,be92e515ef751185a30959121e8ea89ff16eabe151c6bb42f254f45289055592,NB-LIVE-0005-C0001,NO,EXCLUDED_WITH_REASON
NB-A01-LIVE-0005-C0002,NB-A01-LIVE-0005,2,2,9c21652082ac1fc0db0be12adf7681574dc3a3ecc48212bc256a80206534bf95,2c3aa696039d7dea961111fec59c2ad5ca0f09de2ec9e4c412507e8924c1090a,NB-LIVE-0005-C0002,NO,EXCLUDED_WITH_REASON
NB-A01-LIVE-0005-C0003,NB-A01-LIVE-0005,3,3,e3b0c44298fc1c149afbf4c8996fb92427ae41e4649b934ca495991b7852b855,e3b0c44298fc1c149afbf4c8996fb92427ae41e4649b934ca495991b7852b855,NB-LIVE-0001-C0011,NO,EXCLUDED_WITH_REASON
NB-A01-LIVE-0006-C0000,NB-A01-LIVE-0006,0,0,4f6f6d7ad450c3abf0eac39303f9709903cb930e4e26c7ccc881f4d7693d1cd0,9d30267a78b1ad99bb0cd2bfd72899413cd1bc5446038d16040e18872708f7d2,NB-LIVE-0006-C0000,NO,DUPLICATE_EXACT
NB-A01-LIVE-0006-C0001,NB-A01-LIVE-0006,1,1,42b7463eac1adc96d685d97677f98699bf5770d03687c49e4f6f6f1f34f5e020,aa49365427cd6d52d1d292e20a211c503790b569dad7888059b8389cb8fefa28,NB-LIVE-0006-C0001,NO,DUPLICATE_EXACT
NB-A01-LIVE-0006-C0002,NB-A01-LIVE-0006,3,2,573c814cf97e0f8f40bd7a0770d89b2681d9451e2e4456eec1c65c13a74e55cd,8677c5e6434cde3e3ef547cbbaaa8c8a0812d33a99d42343d4127c7f43eadd05,NB-LIVE-0006-C0002,NO,DUPLICATE_EXACT
NB-A01-LIVE-0006-C0003,NB-A01-LIVE-0006,4,3,e3b0c44298fc1c149afbf4c8996fb92427ae41e4649b934ca495991b7852b855,e3b0c44298fc1c149afbf4c8996fb92427ae41e4649b934ca495991b7852b855,NB-LIVE-0001-C0011,NO,DUPLICATE_EXACT
NB-A01-LIVE-0007-C0000,NB-A01-LIVE-0007,0,0,1f0f8dd1d182ec9b712fc94a3befcaba26aa44f14d3f615872ff414df49dbebe,88bd213072dbe50d70839b6ed7bb690063efdcc4e0eda24fdb82f0cdabee8bd1,NB-LIVE-0007-C0000,NO,DUPLICATE_EXACT
NB-A01-LIVE-0007-C0001,NB-A01-LIVE-0007,1,1,52b93f295f188b68ab86ec7004d2d9c95903a5a8ae9d52ce8e60c5e1fdc68545,5b9e076441664f721d7b8f5dcb0826dfcb849d9d79b8ebcb8be55bc34eff1217,NB-LIVE-0007-C0001,NO,DUPLICATE_EXACT
NB-A01-LIVE-0007-C0002,NB-A01-LIVE-0007,2,2,e3b0c44298fc1c149afbf4c8996fb92427ae41e4649b934ca495991b7852b855,e3b0c44298fc1c149afbf4c8996fb92427ae41e4649b934ca495991b7852b855,NB-LIVE-0001-C0011,NO,DUPLICATE_EXACT
NB-A01-LIVE-0007-C0003,NB-A01-LIVE-0007,3,3,e3b0c44298fc1c149afbf4c8996fb92427ae41e4649b934ca495991b7852b855,e3b0c44298fc1c149afbf4c8996fb92427ae41e4649b934ca495991b7852b855,NB-LIVE-0001-C0011,NO,DUPLICATE_EXACT
NB-A01-LIVE-0007-C0004,NB-A01-LIVE-0007,4,4,e3b0c44298fc1c149afbf4c8996fb92427ae41e4649b934ca495991b7852b855,e3b0c44298fc1c149afbf4c8996fb92427ae41e4649b934ca495991b7852b855,NB-LIVE-0001-C0011,NO,DUPLICATE_EXACT
NB-A01-LIVE-0007-C0005,NB-A01-LIVE-0007,5,5,2cc75b401d02675fc3130cff0829f18d11bb903dd6271632e03c36ab5286f71f,e3b0c44298fc1c149afbf4c8996fb92427ae41e4649b934ca495991b7852b855,NB-LIVE-0007-C0005,NO,DUPLICATE_EXACT
NB-A01-LIVE-0007-C0006,NB-A01-LIVE-0007,6,6,f62d362af029cce932f1a3691ee34f87d4943c4066546a1beff8eb5ed7b9b98e,00811bda30113a5b476453569653430f2ae2d92989555c708b5c8a7bf758e2af,NB-LIVE-0007-C0006,NO,DUPLICATE_EXACT
NB-A01-LIVE-0007-C0007,NB-A01-LIVE-0007,7,7,64a250f4a8d47e88f7350344ecbe0c5d443014ae3b8f3ba78e2480b1803d11cb,25875b7687559801264777a56f005e381e951f78ce3eef72111b86ef0c297683,NB-LIVE-0007-C0007,NO,DUPLICATE_EXACT
NB-A01-LIVE-0007-C0008,NB-A01-LIVE-0007,8,8,e3b0c44298fc1c149afbf4c8996fb92427ae41e4649b934ca495991b7852b855,e3b0c44298fc1c149afbf4c8996fb92427ae41e4649b934ca495991b7852b855,NB-LIVE-0001-C0011,NO,DUPLICATE_EXACT
NB-A01-LIVE-0008-C0000,NB-A01-LIVE-0008,0,0,1afed926509510fff9757a4d315f3d6a7cdf7beb4ca21a5b3254c8c9353d48e7,a3ff098fd528ec3970bb13a84bc1d207561c9ea0dbe4ec8c57804a64f8d73c1d,NB-LIVE-0008-C0000,NO,EXCLUDED_WITH_REASON
NB-A01-LIVE-0008-C0001,NB-A01-LIVE-0008,1,1,9990b4c060a0936495b4cf677de8414b973c8ae79f15bd610ad647677cbc19ca,acda40f2d4f40a33d79031601b0107dbe039e28b16c442010d68ee82945dfb7e,NB-LIVE-0008-C0002,NO,EXCLUDED_WITH_REASON
NB-A01-LIVE-0008-C0002,NB-A01-LIVE-0008,2,2,e3b0c44298fc1c149afbf4c8996fb92427ae41e4649b934ca495991b7852b855,e3b0c44298fc1c149afbf4c8996fb92427ae41e4649b934ca495991b7852b855,NB-LIVE-0001-C0011,NO,EXCLUDED_WITH_REASON
NB-A01-LIVE-0009-C0000,NB-A01-LIVE-0009,0,0,fc0e6a8511cbb1a310110a0d523e997ee0847f1d2d8206ce23fa8b05688a213d,0db5efff81540d1b4626e7451d837b0b1e8d7cafcd4a17b27ce0d6c7ab4d2b04,NB-A01-LIVE-0009-C0000,YES,EXCLUDED_WITH_REASON
NB-A01-LIVE-0009-C0001,NB-A01-LIVE-0009,1,1,57f8f0b936c3949346d1160e0ba19cd384f0b5aa41b617a27e1a008adf4863a9,587190a64286cbbd965e2567188f65eb91ca9165b44712caeb308718ddf8eb8b,NB-A01-LIVE-0009-C0001,YES,EXCLUDED_WITH_REASON
NB-A01-LIVE-0009-C0002,NB-A01-LIVE-0009,2,2,fb252cc2b814ea41b8d902c38a5e16dfdf342a293422c2e6f081a7f347e43c60,777f0cd159b129aa59cf81ffb81f6b7feb2a7a366f87ba4c2732b5fa32140958,NB-A01-LIVE-0009-C0002,YES,EXCLUDED_WITH_REASON
NB-A01-LIVE-0009-C0003,NB-A01-LIVE-0009,4,3,27a8f2de9f1dae99c279366235cefa5332327dce8cc916a6f4fedddb9ecf07f7,4c5f916f868bb61202dbfda339b78a53f4e37c656e3db4aea5a452c62adc4f63,NB-A01-LIVE-0009-C0003,YES,EXCLUDED_WITH_REASON
NB-A01-LIVE-0009-C0004,NB-A01-LIVE-0009,5,4,33ede3ed8531b9846e0cf0b328f17f347d7cc551fd04e63e9a67725ee35894c0,f6a5871072a7342cf8e69d3636b5018be62411bac5551c412a2d495e8f968000,NB-A01-LIVE-0009-C0004,YES,EXCLUDED_WITH_REASON
NB-A01-LIVE-0009-C0005,NB-A01-LIVE-0009,6,5,eb53bf1333ea25e8fbdad210a44075eeb6e5c845cd54f03f5c59394530b1d4d5,2aa476601bd97cc85f69068281f0c52509517ae9cf65816dfb0e453f8a1259fc,NB-A01-LIVE-0009-C0005,YES,EXCLUDED_WITH_REASON
NB-A01-LIVE-0009-C0006,NB-A01-LIVE-0009,7,6,b565b64f6148aded61404bcd48366d1800f5e4399441ba4a4b513ab9589df1a2,f6059e1fc09cf5ce99ce4af026e7ae1278b87fdde60e77e4448f6249bb9e720c,NB-A01-LIVE-0009-C0006,YES,EXCLUDED_WITH_REASON
NB-A01-LIVE-0009-C0007,NB-A01-LIVE-0009,8,7,679c770c5b9df47abf9c27ddabcb9ad50ef002bba8c36eb27a48593621386ec4,9ba57d4b606c421b640448eb9211cfb121aee483433107e472a31193ac6395b9,NB-A01-LIVE-0009-C0007,YES,EXCLUDED_WITH_REASON
NB-A01-LIVE-0009-C0008,NB-A01-LIVE-0009,9,8,f037a176bae27bab75cd518257dbefeb67bff6ce9dd3729c0171a3ee0568508a,3c5612e57e918c63381a7b58df4d28d5e295f4bd31846ea70fb4e23f9bf8b5b1,NB-A01-LIVE-0009-C0008,YES,EXCLUDED_WITH_REASON
NB-A01-LIVE-0009-C0009,NB-A01-LIVE-0009,10,9,5b8b6d1c5726b4f2b04b2372122589a79a1130c31f279e36bf62b52ef5494ce0,aad46ceb7ee48bb0732ca4bde18ccbcb4411fefd429a2c07fe4a977e33095707,NB-A01-LIVE-0009-C0009,YES,EXCLUDED_WITH_REASON
NB-A01-LIVE-0009-C0010,NB-A01-LIVE-0009,11,10,e3b0c44298fc1c149afbf4c8996fb92427ae41e4649b934ca495991b7852b855,e3b0c44298fc1c149afbf4c8996fb92427ae41e4649b934ca495991b7852b855,NB-LIVE-0001-C0011,NO,EXCLUDED_WITH_REASON
NB-A01-LIVE-0010-C0000,NB-A01-LIVE-0010,0,0,3c286db0e9bcab443cc8cfa0a652e3c06e0d98d1d99289d391c6d5e6db43cd39,e3b0c44298fc1c149afbf4c8996fb92427ae41e4649b934ca495991b7852b855,NB-A01-LIVE-0004-C0000,NO,DUPLICATE_EXACT
NB-A01-LIVE-0010-C0001,NB-A01-LIVE-0010,1,1,e8d79e31542c43cb6a9ae3a80c2fe42c506a309b662dec4ed0f73ac3404cbded,e3b0c44298fc1c149afbf4c8996fb92427ae41e4649b934ca495991b7852b855,NB-A01-LIVE-0004-C0001,NO,DUPLICATE_EXACT
NB-A01-LIVE-0010-C0002,NB-A01-LIVE-0010,2,2,2955705df8ebb821522a932e0da24701c037815cb92e93d58eee53cb6a6d1950,9f2273db002479d034a3c031f6fb38ca72effa3a59f96e00f1c49a0e6353f3d5,NB-A01-LIVE-0004-C0002,NO,DUPLICATE_EXACT
NB-A01-LIVE-0010-C0003,NB-A01-LIVE-0010,3,3,4bda1e496ee93bf62a8f549aab74b28724993432c30088873b82c1cc02231c7f,9b55bcae7b5ce40c091e225fbf965de145e034f389342b2d7e6988eaaf1e0dfc,NB-LIVE-0001-C0001,NO,DUPLICATE_EXACT
NB-A01-LIVE-0010-C0004,NB-A01-LIVE-0010,4,4,993f2425d6b62786fdd47170414fc56d5dbededc3752b3b9c7547d72f9988e7d,16012b85998d9d86821b2377be052afd018a09a930a82dbdacb8137d40bcfb7c,NB-LIVE-0001-C0002,NO,DUPLICATE_EXACT
NB-A01-LIVE-0010-C0005,NB-A01-LIVE-0010,5,5,c7c5b5acd2f9bc573f7f1e09e2782a494bbadddb648ef2ff6c2a9426bae061f8,7568b268d7db4d9185f404e5400d396514c103097c1c4e50edf0851ecae70205,NB-A01-LIVE-0004-C0005,NO,DUPLICATE_EXACT
NB-A01-LIVE-0010-C0006,NB-A01-LIVE-0010,6,6,36ef0928c42fc2b63b973f060569fd49a483a10f8d108c51bab881b5de9b8f87,8afa73630f63a82ef233edb3997300ede2be85b3f563525f4c51bb3b50979c9e,NB-A01-LIVE-0004-C0006,NO,DUPLICATE_EXACT
NB-A01-LIVE-0010-C0007,NB-A01-LIVE-0010,7,7,e484d1f4c23896e11ed5c82e3aa71d297035d9589d385f30cfe0bb6475e84263,b0584d37e2e3717d2454cc282b38d78295fe278d37563fe9e1f6e24907e324dd,NB-A01-LIVE-0004-C0007,NO,DUPLICATE_EXACT
NB-A01-LIVE-0010-C0008,NB-A01-LIVE-0010,8,8,d0484da5d5bc88474dc14619f7e8e8b45e139ba6c48cf481cb78eda740df72b6,cb85b4b9cc7e32ab3fe5b681f73a7660d31eb5c3e00ed32eab2bcf568a74e8d1,NB-A01-LIVE-0004-C0008,NO,DUPLICATE_EXACT
NB-A01-LIVE-0010-C0009,NB-A01-LIVE-0010,9,9,cb67ab04c9fe41816dfdbc98c1389963aa0b637b042b2565a0a8b4780d3e7e11,ddee111d2474dbee861db5994381070dc3bb045ad05336dffdbde93a9004d861,NB-A01-LIVE-0004-C0009,NO,DUPLICATE_EXACT
NB-A01-LIVE-0010-C0010,NB-A01-LIVE-0010,10,10,877dfab08ddbaace2d6d7e660df030a460268b83d06b367dc2adb8edb5cb7779,e3b0c44298fc1c149afbf4c8996fb92427ae41e4649b934ca495991b7852b855,NB-A01-LIVE-0004-C0010,NO,DUPLICATE_EXACT
NB-A01-LIVE-0010-C0011,NB-A01-LIVE-0010,11,11,35912d935da84474a2ca38644ea6b7380449223b116c446864b406e99c37a5ea,e3b0c44298fc1c149afbf4c8996fb92427ae41e4649b934ca495991b7852b855,NB-A01-LIVE-0004-C0011,NO,DUPLICATE_EXACT
NB-A01-LIVE-0010-C0012,NB-A01-LIVE-0010,12,12,a330d858b4ffb719d390c53ec5e9829f8081f2e7908030e256db405e66f0fd82,c4849b899de6a0dffcf3cade4437ff64962fd00721c8ed6354b07cea483c39b4,NB-A01-LIVE-0004-C0012,NO,DUPLICATE_EXACT
NB-A01-LIVE-0010-C0013,NB-A01-LIVE-0010,13,13,25fcef29304853d6b3b0f95ba1d4f8224361566a4109b004a9bd97fbb67bbfb7,e3b0c44298fc1c149afbf4c8996fb92427ae41e4649b934ca495991b7852b855,NB-A01-LIVE-0004-C0013,NO,DUPLICATE_EXACT
NB-A01-LIVE-0010-C0014,NB-A01-LIVE-0010,14,14,de11be5e121a54f06b8b62e6f7ad14360302656f5d6a15c8d6d932d60bb2aed1,40f1195182bec18383422905bff0963400b10ab7cc913d4764ec733aff4161fc,NB-A01-ARCHIVE-0013-C0009,NO,DUPLICATE_EXACT
NB-A01-LIVE-0010-C0015,NB-A01-LIVE-0010,15,15,e3b0c44298fc1c149afbf4c8996fb92427ae41e4649b934ca495991b7852b855,e3b0c44298fc1c149afbf4c8996fb92427ae41e4649b934ca495991b7852b855,NB-LIVE-0001-C0011,NO,DUPLICATE_EXACT
NB-A01-LIVE-0011-C0000,NB-A01-LIVE-0011,0,0,fc0e6a8511cbb1a310110a0d523e997ee0847f1d2d8206ce23fa8b05688a213d,0db5efff81540d1b4626e7451d837b0b1e8d7cafcd4a17b27ce0d6c7ab4d2b04,NB-A01-LIVE-0009-C0000,NO,DUPLICATE_EXACT
NB-A01-LIVE-0011-C0001,NB-A01-LIVE-0011,1,1,57f8f0b936c3949346d1160e0ba19cd384f0b5aa41b617a27e1a008adf4863a9,587190a64286cbbd965e2567188f65eb91ca9165b44712caeb308718ddf8eb8b,NB-A01-LIVE-0009-C0001,NO,DUPLICATE_EXACT
NB-A01-LIVE-0011-C0002,NB-A01-LIVE-0011,2,2,fb252cc2b814ea41b8d902c38a5e16dfdf342a293422c2e6f081a7f347e43c60,777f0cd159b129aa59cf81ffb81f6b7feb2a7a366f87ba4c2732b5fa32140958,NB-A01-LIVE-0009-C0002,NO,DUPLICATE_EXACT
NB-A01-LIVE-0011-C0003,NB-A01-LIVE-0011,4,3,27a8f2de9f1dae99c279366235cefa5332327dce8cc916a6f4fedddb9ecf07f7,4c5f916f868bb61202dbfda339b78a53f4e37c656e3db4aea5a452c62adc4f63,NB-A01-LIVE-0009-C0003,NO,DUPLICATE_EXACT
NB-A01-LIVE-0011-C0004,NB-A01-LIVE-0011,5,4,33ede3ed8531b9846e0cf0b328f17f347d7cc551fd04e63e9a67725ee35894c0,f6a5871072a7342cf8e69d3636b5018be62411bac5551c412a2d495e8f968000,NB-A01-LIVE-0009-C0004,NO,DUPLICATE_EXACT
NB-A01-LIVE-0011-C0005,NB-A01-LIVE-0011,6,5,eb53bf1333ea25e8fbdad210a44075eeb6e5c845cd54f03f5c59394530b1d4d5,2aa476601bd97cc85f69068281f0c52509517ae9cf65816dfb0e453f8a1259fc,NB-A01-LIVE-0009-C0005,NO,DUPLICATE_EXACT
NB-A01-LIVE-0011-C0006,NB-A01-LIVE-0011,7,6,b565b64f6148aded61404bcd48366d1800f5e4399441ba4a4b513ab9589df1a2,f6059e1fc09cf5ce99ce4af026e7ae1278b87fdde60e77e4448f6249bb9e720c,NB-A01-LIVE-0009-C0006,NO,DUPLICATE_EXACT
NB-A01-LIVE-0011-C0007,NB-A01-LIVE-0011,8,7,679c770c5b9df47abf9c27ddabcb9ad50ef002bba8c36eb27a48593621386ec4,9ba57d4b606c421b640448eb9211cfb121aee483433107e472a31193ac6395b9,NB-A01-LIVE-0009-C0007,NO,DUPLICATE_EXACT
NB-A01-LIVE-0011-C0008,NB-A01-LIVE-0011,9,8,f037a176bae27bab75cd518257dbefeb67bff6ce9dd3729c0171a3ee0568508a,3c5612e57e918c63381a7b58df4d28d5e295f4bd31846ea70fb4e23f9bf8b5b1,NB-A01-LIVE-0009-C0008,NO,DUPLICATE_EXACT
NB-A01-LIVE-0011-C0009,NB-A01-LIVE-0011,10,9,5b8b6d1c5726b4f2b04b2372122589a79a1130c31f279e36bf62b52ef5494ce0,aad46ceb7ee48bb0732ca4bde18ccbcb4411fefd429a2c07fe4a977e33095707,NB-A01-LIVE-0009-C0009,NO,DUPLICATE_EXACT
NB-A01-LIVE-0011-C0010,NB-A01-LIVE-0011,11,10,e3b0c44298fc1c149afbf4c8996fb92427ae41e4649b934ca495991b7852b855,e3b0c44298fc1c149afbf4c8996fb92427ae41e4649b934ca495991b7852b855,NB-LIVE-0001-C0011,NO,DUPLICATE_EXACT
NB-A01-LIVE-0012-C0000,NB-A01-LIVE-0012,0,0,e1e61c644aee5fbf7baf12e900edb00dfa3468a20a7b86d7a0ec8f70437ec56f,a212efe318d3779083b2c1bb1c553e8da91227d25fa2dd1e4d6febf89d4fcb74,NB-A01-ARCHIVE-0013-C0000,NO,EXCLUDED_WITH_REASON
NB-A01-LIVE-0012-C0001,NB-A01-LIVE-0012,1,1,4bda1e496ee93bf62a8f549aab74b28724993432c30088873b82c1cc02231c7f,9b55bcae7b5ce40c091e225fbf965de145e034f389342b2d7e6988eaaf1e0dfc,NB-LIVE-0001-C0001,NO,EXCLUDED_WITH_REASON
NB-A01-LIVE-0012-C0002,NB-A01-LIVE-0012,2,2,993f2425d6b62786fdd47170414fc56d5dbededc3752b3b9c7547d72f9988e7d,16012b85998d9d86821b2377be052afd018a09a930a82dbdacb8137d40bcfb7c,NB-LIVE-0001-C0002,NO,EXCLUDED_WITH_REASON
NB-A01-LIVE-0012-C0003,NB-A01-LIVE-0012,3,3,e67b1fa566e66a65fde236fc6988d966b3c97cc39b5eaaa70df64c8242a6527b,5e324de053c350ee2de8f253add9d5bf9cc3b40ba8fe286aa3ca9a37b613c4ac,NB-LIVE-0001-C0003,NO,EXCLUDED_WITH_REASON
NB-A01-LIVE-0012-C0004,NB-A01-LIVE-0012,4,4,be42aa07d12bea3245acd1e2593e5e43bfd16ab8fb7e83143a75f6b3c8b4fb0b,54746dcadefbba52733ae93d776c58e200e6820653a2210b4c86d40bac9a7620,NB-A01-ARCHIVE-0013-C0004,NO,EXCLUDED_WITH_REASON
NB-A01-LIVE-0012-C0005,NB-A01-LIVE-0012,5,5,4ea3e4a0d697a8ce1762a8332a4916b0c1d45db19c0f2a9991691d455a6fe333,796ae461bce703425984d3019d8ba971af282c7246dc8ec43ce38f24b6fc948f,NB-A01-ARCHIVE-0013-C0005,NO,EXCLUDED_WITH_REASON
NB-A01-LIVE-0012-C0006,NB-A01-LIVE-0012,6,6,37a31c244b46126f18b37f651b070efcec1db4e7b749075d690177aae2917633,e5d1ace4570cc91bb6a279197b48146dbb2d7d1190214c625fa2216a79b1b8a1,NB-A01-ARCHIVE-0013-C0006,NO,EXCLUDED_WITH_REASON
NB-A01-LIVE-0012-C0007,NB-A01-LIVE-0012,8,7,6a92258529099737f6d3b74c91c5c9445f7ddcfb6bc6142539008d0ed37fae78,fa5e4dce6d1938f6aee05a6c916e74710c76bf7c60fb8abb280e4e053d3a8d2a,NB-A01-ARCHIVE-0013-C0007,NO,EXCLUDED_WITH_REASON
NB-A01-LIVE-0012-C0008,NB-A01-LIVE-0012,9,8,bde33adb973e2d570d37400594844419b9e14a6907c087ad2cc0ff46d6b4f8fe,e3b0c44298fc1c149afbf4c8996fb92427ae41e4649b934ca495991b7852b855,NB-A01-ARCHIVE-0013-C0008,NO,EXCLUDED_WITH_REASON
NB-A01-LIVE-0012-C0009,NB-A01-LIVE-0012,10,9,de11be5e121a54f06b8b62e6f7ad14360302656f5d6a15c8d6d932d60bb2aed1,40f1195182bec18383422905bff0963400b10ab7cc913d4764ec733aff4161fc,NB-A01-ARCHIVE-0013-C0009,NO,EXCLUDED_WITH_REASON
NB-A01-LIVE-0012-C0010,NB-A01-LIVE-0012,11,10,e3b0c44298fc1c149afbf4c8996fb92427ae41e4649b934ca495991b7852b855,e3b0c44298fc1c149afbf4c8996fb92427ae41e4649b934ca495991b7852b855,NB-LIVE-0001-C0011,NO,EXCLUDED_WITH_REASON
NB-LIVE-0001-C0000,NB-LIVE-0001,0,0,5f458551009ea653666f740ca440b7b7bea185688b23410a8ded1990ffe64650,31718014d419b3dd1bf48c55dfc8bee992b6328cf6f7c3cfcabbf6882d49f66c,NB-LIVE-0001-C0000,YES,STATICALLY_PORTED
NB-LIVE-0001-C0001,NB-LIVE-0001,1,1,4bda1e496ee93bf62a8f549aab74b28724993432c30088873b82c1cc02231c7f,9b55bcae7b5ce40c091e225fbf965de145e034f389342b2d7e6988eaaf1e0dfc,NB-LIVE-0001-C0001,YES,STATICALLY_PORTED
NB-LIVE-0001-C0002,NB-LIVE-0001,2,2,993f2425d6b62786fdd47170414fc56d5dbededc3752b3b9c7547d72f9988e7d,16012b85998d9d86821b2377be052afd018a09a930a82dbdacb8137d40bcfb7c,NB-LIVE-0001-C0002,YES,STATICALLY_PORTED
NB-LIVE-0001-C0003,NB-LIVE-0001,3,3,e67b1fa566e66a65fde236fc6988d966b3c97cc39b5eaaa70df64c8242a6527b,5e324de053c350ee2de8f253add9d5bf9cc3b40ba8fe286aa3ca9a37b613c4ac,NB-LIVE-0001-C0003,YES,STATICALLY_PORTED
NB-LIVE-0001-C0004,NB-LIVE-0001,4,4,87e05c9658822d7ec3bb8057e609f63d24bbe2f01685af6719700d13edcf71cc,90c5eca1122a3780d10175861b3202d169cd6d3cfafe0dab39342ee897446f7c,NB-LIVE-0001-C0004,YES,STATICALLY_PORTED
NB-LIVE-0001-C0005,NB-LIVE-0001,5,5,ad4749f98bec71a502f977e5ff1f47f3b0da6fa7afd0b3ad41685085023fc5da,25854b310eacd050242f432d4f6ab3df2913a2cb0c3ab373c390291a84258d4c,NB-LIVE-0001-C0005,YES,STATICALLY_PORTED
NB-LIVE-0001-C0006,NB-LIVE-0001,7,6,c5c8a9d44888c7cbd066ba67d4eb2262d0ab0f570d1827019aac396838dfce61,1f56c64c7dbba97f1bb2328e788467897f93d1a2004101087e38466ae45866cd,NB-LIVE-0001-C0006,YES,STATICALLY_PORTED
NB-LIVE-0001-C0007,NB-LIVE-0001,8,7,e81cce553ab2b0f154df46b6dc42d15f18c72ef114baeae3f6a7daea1da60055,20dc513ca50937b1d1d851dbbc01801032602cc0a2e029c90753f21876a50367,NB-LIVE-0001-C0007,YES,STATICALLY_PORTED
NB-LIVE-0001-C0008,NB-LIVE-0001,10,8,86064eb3394410dc0ead5adc01098bace2bd327bd5529fb8a1536ae0ee022549,8dceb557f36b74a9a5b7d2b803954e86a8f161b728cd776948216adcbead54ac,NB-LIVE-0001-C0008,YES,STATICALLY_PORTED
NB-LIVE-0001-C0009,NB-LIVE-0001,11,9,d61ebd61cd968aeb5516c0e0a6532b793bea5267c8d5b96ed7180628c5eaad1b,30b808768132656ac712e0ca77e68b77e2c75514f382f712de92c4b21ee2373a,NB-LIVE-0001-C0009,YES,STATICALLY_PORTED
NB-LIVE-0001-C0010,NB-LIVE-0001,12,10,82b3f2b9cc4d2f377e43601d1b1a18957ae1a4e1699b9adb8f78aad87c3a65ba,50e74e908077472022f1ffa18bb1b8dab00dcc595cd3606795bde0fa11155554,NB-LIVE-0001-C0010,YES,STATICALLY_PORTED
NB-LIVE-0001-C0011,NB-LIVE-0001,13,11,e3b0c44298fc1c149afbf4c8996fb92427ae41e4649b934ca495991b7852b855,e3b0c44298fc1c149afbf4c8996fb92427ae41e4649b934ca495991b7852b855,NB-LIVE-0001-C0011,YES,NON_RUNTIME_DIAGNOSTIC
NB-LIVE-0001-C0012,NB-LIVE-0001,14,12,e3b0c44298fc1c149afbf4c8996fb92427ae41e4649b934ca495991b7852b855,e3b0c44298fc1c149afbf4c8996fb92427ae41e4649b934ca495991b7852b855,NB-LIVE-0001-C0011,NO,NON_RUNTIME_DIAGNOSTIC
NB-LIVE-0004-C0000,NB-LIVE-0004,0,0,796b995053c01a7c5e0886d7975dce4cd0eb0635db6a86c634337e218568d2d4,418bf436c078d032071c433a168ce7987bd0940e99152e0af816cbc3f10a46d8,NB-LIVE-0004-C0000,YES,STATICALLY_PORTED
NB-LIVE-0004-C0001,NB-LIVE-0004,1,1,1f9f5f55a0628a736f94b4d76cfbbea783b29043aacbed95880d2299ff4ac37f,6d98e47a4904d862a41de4e46562c42b12cdbc308b2e75946219e50814121144,NB-LIVE-0004-C0001,YES,STATICALLY_PORTED
NB-LIVE-0004-C0002,NB-LIVE-0004,2,2,460ca3f5086b6a16def680fc3f110b8287854d50ce5b0842ffbfb8155ff9123f,e3b0c44298fc1c149afbf4c8996fb92427ae41e4649b934ca495991b7852b855,NB-LIVE-0004-C0002,YES,NON_RUNTIME_DIAGNOSTIC
NB-LIVE-0004-C0003,NB-LIVE-0004,3,3,347b535012e37bdfd9e542029b7ef22901f653cc68bbf22b35772db4827c7e95,1f8a06aa5a9df6d469c83394c8aa9d5d647ca2db0e1a0f2de2d5d05afd1cc29a,NB-LIVE-0004-C0003,YES,STATICALLY_PORTED
NB-LIVE-0004-C0004,NB-LIVE-0004,4,4,ad7145166d170b21f45a158154b672dc21b42c8e108e9f15cee45d4aa959c8cd,1856b41e4a595cb805d2a8862e04862240912bd9d5759f40e11dd8a70e99c772,NB-LIVE-0004-C0004,YES,STATICALLY_PORTED
NB-LIVE-0004-C0005,NB-LIVE-0004,6,5,e3ad03c3ae57f22a560454bcab3336519a562ada9e089bc97e854bf94b4ab00d,744025b5b4e835456ee369c5c220bd0f5f0cf20a1b283de56ba3390eab602ea8,NB-LIVE-0004-C0005,YES,MIGRATED_STRUCTURAL
NB-LIVE-0004-C0006,NB-LIVE-0004,7,6,9a813d4484b21b293f90c5c712303f139530a1fdca88905a6e35006be71b85df,deeb84df1d76572d7f54ec4f247aed4d9f72529b83f58640076e03e338eb2c7c,NB-LIVE-0004-C0006,YES,MIGRATED_STRUCTURAL
NB-LIVE-0004-C0007,NB-LIVE-0004,8,7,4a8d8ac6ab233bd5000e83b12930eed50e1bb867fb491477e05396a59ba8563e,e3b0c44298fc1c149afbf4c8996fb92427ae41e4649b934ca495991b7852b855,NB-LIVE-0004-C0007,YES,NON_RUNTIME_DIAGNOSTIC
NB-LIVE-0005-C0000,NB-LIVE-0005,0,0,4f4c33a45129a0eab53520a4b27b6eba156c73609743419a1df38a2f2da0b96b,1b71fe295398bb1fb2a3df7104464363fe42e1b5f2c355d6b6784eced7f0e7b9,NB-LIVE-0005-C0000,YES,STATICALLY_PORTED
NB-LIVE-0005-C0001,NB-LIVE-0005,1,1,c56bec2eddb8abce86290cbce0c75040891325f383d7744a9ae75d517c964f72,be92e515ef751185a30959121e8ea89ff16eabe151c6bb42f254f45289055592,NB-LIVE-0005-C0001,YES,NON_RUNTIME_DIAGNOSTIC
NB-LIVE-0005-C0002,NB-LIVE-0005,2,2,9c21652082ac1fc0db0be12adf7681574dc3a3ecc48212bc256a80206534bf95,2c3aa696039d7dea961111fec59c2ad5ca0f09de2ec9e4c412507e8924c1090a,NB-LIVE-0005-C0002,YES,STATICALLY_PORTED
NB-LIVE-0005-C0003,NB-LIVE-0005,3,3,e14599f5aeb1bfebec51d21ee9920b27a7e9a93b028d3f1b128a39570a8e30f1,1234c44b384ce53e357fe08141bcd478bc62bda130ed1605a8d82df7e9f1da3e,NB-LIVE-0005-C0003,YES,STATICALLY_PORTED
NB-LIVE-0005-C0004,NB-LIVE-0005,4,4,e3b0c44298fc1c149afbf4c8996fb92427ae41e4649b934ca495991b7852b855,e3b0c44298fc1c149afbf4c8996fb92427ae41e4649b934ca495991b7852b855,NB-LIVE-0001-C0011,NO,NON_RUNTIME_DIAGNOSTIC
NB-LIVE-0006-C0000,NB-LIVE-0006,0,0,4f6f6d7ad450c3abf0eac39303f9709903cb930e4e26c7ccc881f4d7693d1cd0,9d30267a78b1ad99bb0cd2bfd72899413cd1bc5446038d16040e18872708f7d2,NB-LIVE-0006-C0000,YES,STATICALLY_PORTED
NB-LIVE-0006-C0001,NB-LIVE-0006,1,1,42b7463eac1adc96d685d97677f98699bf5770d03687c49e4f6f6f1f34f5e020,aa49365427cd6d52d1d292e20a211c503790b569dad7888059b8389cb8fefa28,NB-LIVE-0006-C0001,YES,STATICALLY_PORTED
NB-LIVE-0006-C0002,NB-LIVE-0006,3,2,573c814cf97e0f8f40bd7a0770d89b2681d9451e2e4456eec1c65c13a74e55cd,8677c5e6434cde3e3ef547cbbaaa8c8a0812d33a99d42343d4127c7f43eadd05,NB-LIVE-0006-C0002,YES,STATICALLY_PORTED
NB-LIVE-0006-C0003,NB-LIVE-0006,4,3,e3b0c44298fc1c149afbf4c8996fb92427ae41e4649b934ca495991b7852b855,e3b0c44298fc1c149afbf4c8996fb92427ae41e4649b934ca495991b7852b855,NB-LIVE-0001-C0011,NO,NON_RUNTIME_DIAGNOSTIC
NB-LIVE-0007-C0000,NB-LIVE-0007,0,0,1f0f8dd1d182ec9b712fc94a3befcaba26aa44f14d3f615872ff414df49dbebe,88bd213072dbe50d70839b6ed7bb690063efdcc4e0eda24fdb82f0cdabee8bd1,NB-LIVE-0007-C0000,YES,STATICALLY_PORTED
NB-LIVE-0007-C0001,NB-LIVE-0007,1,1,52b93f295f188b68ab86ec7004d2d9c95903a5a8ae9d52ce8e60c5e1fdc68545,5b9e076441664f721d7b8f5dcb0826dfcb849d9d79b8ebcb8be55bc34eff1217,NB-LIVE-0007-C0001,YES,STATICALLY_PORTED
NB-LIVE-0007-C0002,NB-LIVE-0007,2,2,e3b0c44298fc1c149afbf4c8996fb92427ae41e4649b934ca495991b7852b855,e3b0c44298fc1c149afbf4c8996fb92427ae41e4649b934ca495991b7852b855,NB-LIVE-0001-C0011,NO,NON_RUNTIME_DIAGNOSTIC
NB-LIVE-0007-C0003,NB-LIVE-0007,3,3,e3b0c44298fc1c149afbf4c8996fb92427ae41e4649b934ca495991b7852b855,e3b0c44298fc1c149afbf4c8996fb92427ae41e4649b934ca495991b7852b855,NB-LIVE-0001-C0011,NO,NON_RUNTIME_DIAGNOSTIC
NB-LIVE-0007-C0004,NB-LIVE-0007,4,4,e3b0c44298fc1c149afbf4c8996fb92427ae41e4649b934ca495991b7852b855,e3b0c44298fc1c149afbf4c8996fb92427ae41e4649b934ca495991b7852b855,NB-LIVE-0001-C0011,NO,NON_RUNTIME_DIAGNOSTIC
NB-LIVE-0007-C0005,NB-LIVE-0007,5,5,2cc75b401d02675fc3130cff0829f18d11bb903dd6271632e03c36ab5286f71f,e3b0c44298fc1c149afbf4c8996fb92427ae41e4649b934ca495991b7852b855,NB-LIVE-0007-C0005,YES,NON_RUNTIME_DIAGNOSTIC
NB-LIVE-0007-C0006,NB-LIVE-0007,6,6,f62d362af029cce932f1a3691ee34f87d4943c4066546a1beff8eb5ed7b9b98e,00811bda30113a5b476453569653430f2ae2d92989555c708b5c8a7bf758e2af,NB-LIVE-0007-C0006,YES,STATICALLY_PORTED
NB-LIVE-0007-C0007,NB-LIVE-0007,7,7,64a250f4a8d47e88f7350344ecbe0c5d443014ae3b8f3ba78e2480b1803d11cb,25875b7687559801264777a56f005e381e951f78ce3eef72111b86ef0c297683,NB-LIVE-0007-C0007,YES,STATICALLY_PORTED
NB-LIVE-0007-C0008,NB-LIVE-0007,8,8,e3b0c44298fc1c149afbf4c8996fb92427ae41e4649b934ca495991b7852b855,e3b0c44298fc1c149afbf4c8996fb92427ae41e4649b934ca495991b7852b855,NB-LIVE-0001-C0011,NO,NON_RUNTIME_DIAGNOSTIC
NB-LIVE-0008-C0000,NB-LIVE-0008,0,0,1afed926509510fff9757a4d315f3d6a7cdf7beb4ca21a5b3254c8c9353d48e7,a3ff098fd528ec3970bb13a84bc1d207561c9ea0dbe4ec8c57804a64f8d73c1d,NB-LIVE-0008-C0000,YES,STATICALLY_PORTED
NB-LIVE-0008-C0001,NB-LIVE-0008,1,1,d5ec93353d2b453dd3b566263b2c0df13c11f71b5c5c481a53998159fd31bc39,c83f432a0f0d0498e7425dc660e02c002503f7dea79fd1801ba53df1c5635743,NB-LIVE-0008-C0001,YES,NON_RUNTIME_DIAGNOSTIC
NB-LIVE-0008-C0002,NB-LIVE-0008,2,2,9990b4c060a0936495b4cf677de8414b973c8ae79f15bd610ad647677cbc19ca,acda40f2d4f40a33d79031601b0107dbe039e28b16c442010d68ee82945dfb7e,NB-LIVE-0008-C0002,YES,STATICALLY_PORTED
NB-LIVE-0008-C0003,NB-LIVE-0008,3,3,e3b0c44298fc1c149afbf4c8996fb92427ae41e4649b934ca495991b7852b855,e3b0c44298fc1c149afbf4c8996fb92427ae41e4649b934ca495991b7852b855,NB-LIVE-0001-C0011,NO,NON_RUNTIME_DIAGNOSTIC
NB-LIVE-0010-C0000,NB-LIVE-0010,0,0,8db8d2b93718603da83cf905632318056c939cc56f3ac4a72f5526266bcac93b,86f9a68af0db1e643931179c15dd99894c0e0c8027fd95863d68eb7b20392a0d,NB-LIVE-0010-C0000,YES,STATICALLY_PORTED
NB-LIVE-0010-C0001,NB-LIVE-0010,1,1,4cf95ed857966d3d3ccb18d0fe0d35135a0e82dab7b0a5a653495ddf1c5794a4,aa40a0605b10ac326591cb706913d79eb3015724e7014324ec889ee000d45880,NB-LIVE-0010-C0001,YES,STATICALLY_PORTED
NB-LIVE-0010-C0002,NB-LIVE-0010,2,2,6aee43195837903e1242556e362c402a0f731b75e95e436be50d677378c7d754,d63d79c79b37880e3d965de3683ce698bcbd10f00186d871d038ff206e3807e5,NB-LIVE-0010-C0002,YES,STATICALLY_PORTED
NB-LIVE-0010-C0003,NB-LIVE-0010,3,3,5863824d3a893d8e33d16b0c1c97dfe26c881d40a3f0b20256644195f423f2ae,03f7f8de431fcca7b81113988b65904621b75f2fc1c9eabe940a4f3a9e25a5e0,NB-LIVE-0010-C0003,YES,STATICALLY_PORTED
NB-LIVE-0010-C0004,NB-LIVE-0010,4,4,bad8135710ddf7f442fa0e774d6d8da07d49fad98b1946f4058d5e0592956f46,a09c7f1d00712fd38adb2d0074416b64ba16099a7acbe6d68f9e19402d74449c,NB-LIVE-0010-C0004,YES,STATICALLY_PORTED
NB-LIVE-0010-C0005,NB-LIVE-0010,5,5,13ba1195a7fd89ed74d6b3ae5a8d86ec6faad49daa4685d0d66405180f3ed9a0,265827e39f431d1ea6ceb1b2c0bfab8e25918dbfa8224e8c0c083a32f8402b89,NB-LIVE-0010-C0005,YES,STATICALLY_PORTED
NB-LIVE-0010-C0006,NB-LIVE-0010,6,6,7540e871e2e55e005ac75cd3c9ce3ee96a71873c93259204e63655fd00e0ec76,eee7c58e9b16cc75c11fc54bff009a44c0b44d2baac1f0de3c1f61e0aff3810e,NB-LIVE-0010-C0006,YES,STATICALLY_PORTED
NB-LIVE-0010-C0007,NB-LIVE-0010,7,7,1766bd750ab4352fcb00be012825dd1f37c86780db321b9ef6befaa05547521e,979aa74eb0fa68ed387a49cfba45c9aa285649d90202ca599af199506c8c72aa,NB-LIVE-0010-C0007,YES,STATICALLY_PORTED
NB-LIVE-0010-C0008,NB-LIVE-0010,8,8,b5bb67ca6dcdd826abc922cdb34e0ef90651c144a56788998fc7635459594126,0b7eed30a14d62acb74891d090168fc401a27b548b10c02ce128fba8314a713c,NB-LIVE-0010-C0008,YES,STATICALLY_PORTED
NB-LIVE-0010-C0009,NB-LIVE-0010,9,9,98804e1955fe21812e2d075f670122d86a7f5db20cfe2053053c52d73e2d3c73,eadf26cb007457f185a8c236e0d76d01db0ef8a11ad6ee997fd569050652b665,NB-LIVE-0010-C0009,YES,STATICALLY_PORTED
NB-LIVE-0010-C0010,NB-LIVE-0010,10,10,46604cb76858aa893b4fb6e014817794768b4de44222707b8ba1daea144249e7,f84d935a75f12fa34577a10a5eb464ace5a008c5c9b048d849aaea38a5c2faf5,NB-LIVE-0010-C0010,YES,STATICALLY_PORTED
NB-LIVE-0010-C0011,NB-LIVE-0010,11,11,37a94bc17d7c8928755338c6137c557ceec008754b46524377b4a3eb7aec763b,5646dafe8ca4f8ea540c83393dd7fd00bb6797eb46003b82edbd2a0a8af06582,NB-LIVE-0010-C0011,YES,STATICALLY_PORTED
NB-LIVE-0010-C0012,NB-LIVE-0010,12,12,fb6e85eda11228fd061f30674a92812f6a8b73b97b5c3a506da55e9d05f60f67,2230e140298c4d260c3e23f516a3cb0173648bfadec1aa8ad6aad1b23d57847d,NB-LIVE-0010-C0012,YES,STATICALLY_PORTED
NB-LIVE-0010-C0013,NB-LIVE-0010,13,13,4fe42ec8113ebe07d41a3ca0d03bfbd8183f8860a309d6ff33806a5321be6b9f,d829400b40debd5b393dba40462d1bb7b2d14a3b6afcc88032dc1e43f6776995,NB-LIVE-0010-C0013,YES,STATICALLY_PORTED
NB-LIVE-0010-C0014,NB-LIVE-0010,14,14,5c25f19115107b61f9c01365d9debefea48bd7b286c7f4374188a1e0e30b0583,a34cfd575438eacbb5917c3f5c5098dfe78004a39ca6244fe04f6a5590d19456,NB-LIVE-0010-C0014,YES,STATICALLY_PORTED
NB-LIVE-0010-C0015,NB-LIVE-0010,15,15,37cc83d6586a6168bb41f32ef02cc78aa7bea85d3b2020672acb70adcb159525,bf4f707cf9508e04644dabf2cbfc73f6f5ca22a972b898e4bf63d0b0df9e2f47,NB-LIVE-0010-C0015,YES,STATICALLY_PORTED
NB-LIVE-0010-C0016,NB-LIVE-0010,16,16,1140d26f07bb5a5025de533a6711fd473ba99281e3bd0af45e817d8fb7e7c09f,8da798b1cb145a842bcc7eb9e6add610888a2b76ea04b6c361a4e29f57dcab32,NB-LIVE-0010-C0016,YES,STATICALLY_PORTED
NB-LIVE-0010-C0017,NB-LIVE-0010,17,17,045c8fafb7f7caad7d3d5754f3437bea9a68ef6dd2d39fb2109a537d55a7a966,25b2e4f896ecaec2a891b983720620078aaad322bf37d9f978da18505d944e51,NB-LIVE-0010-C0017,YES,STATICALLY_PORTED
NB-LIVE-0010-C0018,NB-LIVE-0010,18,18,2b83698b5f51aaa3e871e682a88d7386b295e943e5e4663efd27f6f64db32244,84142c03433444c4ec07d736918fae625020c11dc804d675308a910c9e5e1266,NB-LIVE-0010-C0018,YES,STATICALLY_PORTED
NB-LIVE-0010-C0019,NB-LIVE-0010,19,19,c252b96896f9fcb68748c94626b1a8eddb4ce0f2dfc7e819159d49abf882b12b,cca2bcca74975bd79d1c852742ce4b4d15b011de7af4958bb71085718142290c,NB-LIVE-0010-C0019,YES,STATICALLY_PORTED
NB-LIVE-0010-C0020,NB-LIVE-0010,20,20,c4b3356e45516b1194743e51f6bdb112246b948fcd7064eb1d4bc00c7f5190d8,1f04d79329705a5aa750f17c2142a76c18098c1b80313384ffeedac1b07b7710,NB-LIVE-0010-C0020,YES,STATICALLY_PORTED
NB-LIVE-0010-C0021,NB-LIVE-0010,21,21,e3b0c44298fc1c149afbf4c8996fb92427ae41e4649b934ca495991b7852b855,e3b0c44298fc1c149afbf4c8996fb92427ae41e4649b934ca495991b7852b855,NB-LIVE-0001-C0011,NO,NON_RUNTIME_DIAGNOSTIC
NB-LIVE-0011-C0000,NB-LIVE-0011,1,0,10d277ef7478e914a0258fddf29a97ee0ffd2bf473f09ddb239b4453bf6a7557,aa198e37b9b405d12c42af5600b680579d57d13c9c41a8a7b780350eb0f596fc,NB-LIVE-0011-C0000,YES,STATICALLY_PORTED
NB-LIVE-0011-C0001,NB-LIVE-0011,3,1,6bb28dbb287a98b26d99e18c42556844ae627ea2df4dd9b0e8551e0f145734ae,ad76a204c2eb3591b53bdaea57065904347c7e23d64f6672133e28c9b4f03fda,NB-LIVE-0011-C0001,YES,STATICALLY_PORTED
NB-LIVE-0011-C0002,NB-LIVE-0011,5,2,afcf17064e7b27113f8dd1aa8d5a108bebac8fdc125f39a3a476824063d05686,f82b588a9ad770460ff5a71900dc64168ba2bd96b81777486bf46fed057c4755,NB-LIVE-0011-C0002,YES,STATICALLY_PORTED
NB-LIVE-0011-C0003,NB-LIVE-0011,7,3,7e09a1b63f405e914a8b737b4abc3b2656527ddd90e80739114ee69ec395c56a,4ab1f1c0cad0b2d64c1a712d1d9b76ce632b919d3cd7a79c770908e160d30ed7,NB-LIVE-0011-C0003,YES,STATICALLY_PORTED
NB-LIVE-0011-C0004,NB-LIVE-0011,9,4,73b8404bd71d14d974e519be2126d76b96d210c51edb964b84d4c77143e87ac3,c172acf5a809810e73f5fda06adbeff5c5a7a0b53860427e3aa215b3d34dc5fc,NB-LIVE-0011-C0004,YES,STATICALLY_PORTED
NB-LIVE-0011-C0005,NB-LIVE-0011,11,5,37f9ae8dab99f2266228526da4c5c6f63d12be5a80b2911700a9044d3f58a679,0215fb060f1da122786e28e52a6a3bb81351432e34bd04fc0bcfd49820f7a539,NB-LIVE-0011-C0005,YES,STATICALLY_PORTED
NB-LIVE-0011-C0006,NB-LIVE-0011,13,6,ed1e8e20243abdefeb735d01ea585b992d85402783d770616315989c9f6f29ae,2edb7b77b4067083062cdafe88c542074064e226a597e1c21a62fb9bca8b4ad3,NB-LIVE-0011-C0006,YES,STATICALLY_PORTED
NB-LIVE-0011-C0007,NB-LIVE-0011,14,7,e3b0c44298fc1c149afbf4c8996fb92427ae41e4649b934ca495991b7852b855,e3b0c44298fc1c149afbf4c8996fb92427ae41e4649b934ca495991b7852b855,NB-LIVE-0001-C0011,NO,NON_RUNTIME_DIAGNOSTIC
NB-LIVE-0012-C0000,NB-LIVE-0012,0,0,be677b199ee8d45858cde37330cccf1e35e530b2b09c7e9499ab873bb0a345f1,4df225fd110d7649abae7ff730726c7d85459009d122732833e363e2739799f4,NB-LIVE-0012-C0000,YES,STATICALLY_PORTED
NB-LIVE-0012-C0001,NB-LIVE-0012,1,1,bfed258b494954d122d02d64423beb955231fb91239bf47580accbc34c75218f,207927d1154998f84240285cbe975c1fd8ade5d9c0b70fa33167cd85227e68fb,NB-LIVE-0012-C0001,YES,STATICALLY_PORTED
NB-LIVE-0012-C0002,NB-LIVE-0012,2,2,ae4b42db7d31ee014553b28bba2a85da638d9d3b881e1157d4332a88f1ca156c,2cfe6fa46d6231605158179e02f21ebd3fafe59c137fea1a5da8619c1761af44,NB-LIVE-0012-C0002,YES,STATICALLY_PORTED
NB-LIVE-0012-C0003,NB-LIVE-0012,3,3,fcd81a302fe6d8186e2656f17eeb85f3ed5d8567ac6601037a484e49bda6046a,1e254296b34b87e5ed18437a0a85f5729ef4e01421420766b9ed00be16232acc,NB-LIVE-0012-C0003,YES,STATICALLY_PORTED
NB-LIVE-0012-C0004,NB-LIVE-0012,4,4,e3b0c44298fc1c149afbf4c8996fb92427ae41e4649b934ca495991b7852b855,e3b0c44298fc1c149afbf4c8996fb92427ae41e4649b934ca495991b7852b855,NB-LIVE-0001-C0011,NO,NON_RUNTIME_DIAGNOSTIC
NB-LIVE-0012-C0005,NB-LIVE-0012,5,5,bcd32135b1cb249ddc2aa4987f3a5c9d215181eb875d9ea2f996c209f48a0135,2a6c9695eeb9d0bc5b8ded75628bf9253b5925859011fb9acd0f72192cbbf339,NB-LIVE-0012-C0005,YES,STATICALLY_PORTED
NB-LIVE-0012-C0006,NB-LIVE-0012,6,6,023e5215353a7087541d1a3dbc75634da6fe37f488d3c8f6785c2503a48a2f0a,51e0a126079fceb1676e41eae3726335561826b6ad76d6fb4f0dae74f9445b62,NB-LIVE-0012-C0006,YES,STATICALLY_PORTED
NB-LIVE-0012-C0007,NB-LIVE-0012,7,7,576660b79c80a0966f795d4d743db90454d23d2fd3fc80be707c85e04b02cbc9,5e240d410a51f1109bfee17c7bc65d248f26177879d1ab36db6e37ef07d527ac,NB-LIVE-0012-C0007,YES,STATICALLY_PORTED
NB-LIVE-0012-C0008,NB-LIVE-0012,8,8,766b5a096a9b5bd36e22712d51ca493ad6b42a407886aec7fb144fc18dbcb24d,f9cfbd398c7426c85982a5b1f170f2e6800f10106bacea9da3d32567d05bcff2,NB-LIVE-0012-C0008,YES,STATICALLY_PORTED
NB-LIVE-0012-C0009,NB-LIVE-0012,9,9,874d7ccee5e8aa26e6ddf75d1116b99344850edcb421d04ba0af5ed4c20593dc,132889d89244d1f9fec7d56981b26b16d9e31f698edf2781115f79c5ac3479af,NB-LIVE-0012-C0009,YES,STATICALLY_PORTED
NB-LIVE-0012-C0010,NB-LIVE-0012,10,10,4b0a7f2d1e1e6752945c2c90606cb38b2345ab710b2e61e524e9103f9bc47eec,6a43650f5d5812f1fab5049182347723ec7e64f4a7956afdd7b1d586cea070cc,NB-LIVE-0012-C0010,YES,STATICALLY_PORTED
NB-LIVE-0012-C0011,NB-LIVE-0012,11,11,430aff9d344bd47efafe477caea7b1dc72818f2ba27e518021d2cf7795a4f8e5,8f93856ca2d8248d8c88cd2124514a037a953a11ad8c3b890fb8919435187883,NB-LIVE-0012-C0011,YES,STATICALLY_PORTED
NB-LIVE-0012-C0012,NB-LIVE-0012,12,12,d3a6c7df15ac5ba991897333b6a1e467ff4e281cd672db99c52f4f0f8fe5c292,8e3140f4a5ecd8e161a276c6da80552eca41d85a4d5e5c2083bc866216543d81,NB-LIVE-0012-C0012,YES,STATICALLY_PORTED
NB-LIVE-0012-C0013,NB-LIVE-0012,13,13,e3b0c44298fc1c149afbf4c8996fb92427ae41e4649b934ca495991b7852b855,e3b0c44298fc1c149afbf4c8996fb92427ae41e4649b934ca495991b7852b855,NB-LIVE-0001-C0011,NO,NON_RUNTIME_DIAGNOSTIC
NB-LIVE-0012-C0014,NB-LIVE-0012,14,14,4136a223f5e2e6d57c3bfc7e6b7001bf86aeca89c0f5e6369c03156ad9159b78,d776490478b31f9cdc05b36b8c6994d019d5f0f3302c77d215d58673ba3c1168,NB-LIVE-0012-C0014,YES,STATICALLY_PORTED
NB-LIVE-0012-C0015,NB-LIVE-0012,15,15,d90bcc0123b67d726404324a1f585cfcf7e689fcb479daf1fae013d4418feac4,e939be2e331b6bceeac1551552b288c114fa238ec941da86bc5ad118b08b92c9,NB-LIVE-0012-C0015,YES,STATICALLY_PORTED
NB-LIVE-0012-C0016,NB-LIVE-0012,16,16,05decec3e40bce3c5015935500663b74a328ed4ed71cf0e677a6ab303c1aa7bd,eeb24519e7fe7dc8c6b430699de921ae94204cc18fa6305930e02a12216a01b5,NB-LIVE-0012-C0016,YES,STATICALLY_PORTED
NB-LIVE-0012-C0017,NB-LIVE-0012,17,17,d45b96ab8e4e45557ec625cfdc864e4a93278e0b1a0b9f2998e4f438b58fc30b,9f40129efb70373fbb721d5ef0c150ed83864c978ce5075a7fcb15ff79c27a0f,NB-LIVE-0012-C0017,YES,STATICALLY_PORTED
NB-LIVE-0012-C0018,NB-LIVE-0012,18,18,f1ffc3ca4cc4dbe3406a7e59078d62b584e47899a739d767e3a58b0ac2aa7af0,fac9b8f7d5cda704f04983c8eab7bf6f850f303cf4f544ff5c41e0b63d9027bf,NB-LIVE-0012-C0018,YES,STATICALLY_PORTED
NB-LIVE-0012-C0019,NB-LIVE-0012,19,19,71969caca657f05165b8ac74508f2a704bf83910999772b5eda4a69e51760bde,6698e865e282aa6bb4a2e650dd9a95b23f4f46e8ca78473cc1cb3d42cdf9b337,NB-LIVE-0012-C0019,YES,STATICALLY_PORTED
NB-LIVE-0012-C0020,NB-LIVE-0012,20,20,3e304153dad81d82778396c7d96c10f524f82f36234822a23c85e26a1276d695,43c6ec6f813ed63290e0fd450f0141bbceeeec5382188f8e41eee59124581c73,NB-LIVE-0012-C0020,YES,STATICALLY_PORTED
NB-LIVE-0012-C0021,NB-LIVE-0012,21,21,d0f7d91760932c8363f578855c3528a502d0fff59921e524b77473aa7ad86626,c82d2ca7d19e1170de5b3e1acc6beab514c3c696070d86efca7ea17d28db687a,NB-LIVE-0012-C0021,YES,STATICALLY_PORTED
NB-LIVE-0012-C0022,NB-LIVE-0012,22,22,847b8d80ec273c1a8e8e33be48c8f2fc1593b541c1ba1da5b34ceeb65e3e980d,6a2a1ccc0613b9bccc51e20aad3d14f7754540ee7f976b20c8ae30664479e021,NB-LIVE-0012-C0022,YES,STATICALLY_PORTED
NB-LIVE-0012-C0023,NB-LIVE-0012,23,23,e1ba1edae6b20eca8aa2a87280d1d6ce94f38285d17877413d4a874a50a51a08,5464c30dc282250228615be083d5a94c5f77ea3625515db311e8592b8e727a28,NB-LIVE-0012-C0023,YES,STATICALLY_PORTED
NB-LIVE-0012-C0024,NB-LIVE-0012,24,24,d4e415a981a6d48b1729cb66ff82b78b02113dbac87afc684a2ccffe49d9e23c,553afd331b343150e03ab3039cc730405182499a13dcbc69ee9d8c2cd5620937,NB-LIVE-0012-C0024,YES,STATICALLY_PORTED
NB-LIVE-0012-C0025,NB-LIVE-0012,25,25,b4cd46a1c4cdde5fe5f144988f465044fcf1818d43d9a39aa8064c3f9966319d,5b65123fb43905178984e88c9a1cce8219689a532f09b841d05e188dbb162214,NB-LIVE-0012-C0025,YES,STATICALLY_PORTED
NB-LIVE-0012-C0026,NB-LIVE-0012,26,26,30df681b167fcc05a334f6883d71516cc1e3ff524b337b646183da0a573b07b7,3f4cd2c6f4b3d3cf7ce45640c072d8f9d68326d5637b78b667ab61d004ecaacd,NB-LIVE-0012-C0026,YES,STATICALLY_PORTED
NB-LIVE-0012-C0027,NB-LIVE-0012,27,27,f6bf45a4f37e7ea55a8b6438f19b70ce6ecf6f8363ab939a63576f1932bfc0a1,8f313f8d86be1e5022478e87cf3444499fdf6b36d1480becf30cdd72f5a767b1,NB-LIVE-0012-C0027,YES,STATICALLY_PORTED
NB-LIVE-0012-C0028,NB-LIVE-0012,28,28,42b7eee3fe7fa6f1f0259ac3b3c6eafac67d33b14297458b9bb2be22e01d6a8b,cdf9daa5536509170395a77aa1971344711c89da77523ca71204d9ed36489a82,NB-LIVE-0012-C0028,YES,STATICALLY_PORTED
NB-LIVE-0012-C0029,NB-LIVE-0012,29,29,e3b0c44298fc1c149afbf4c8996fb92427ae41e4649b934ca495991b7852b855,e3b0c44298fc1c149afbf4c8996fb92427ae41e4649b934ca495991b7852b855,NB-LIVE-0001-C0011,NO,NON_RUNTIME_DIAGNOSTIC
