map_id,current_jr08_label,exact_inputs,executable_entrypoint,expected_output,r1_status,r2_status,r3_status,r4_status,test_status,transitive_dependencies,unresolved_gap
RM01,Table 3 tab:human_effort; Figure 4 fig:human_effort; Table 4 tab:effort_accounting,replay/jr06/JR06_Verified_Evidence_Pending_Scope.zip; nested exact effort events/review labels/summaries; labelled redacted how derivative,After fresh extraction: reproduce/reproduce_jr06.py -> verify_effort_and_gt.py (saved-record arithmetic only),Three-card timing/action reconciliation and retained effort-source checks; current figures remain manuscript assets,VERIFIED_FRESH_PHASE2A_RECORD_REPLAY,NOT_APPLICABLE,NOT_APPLICABLE,NOT_APPLICABLE,FRESH_PHASE2A_JR06_RECORD_REPLAY_PASS,Three exact CVAT/review event populations; 100-s gap algorithm; standard-library verifier,Unmatched tasks and one annotator; review threshold 0.40 versus mask audit 0.50; no matched final-mask/time study
RM02,"Table 5 tab:perf_summary; Figures 5–7 fig:pr_roc, fig:topk, fig:confmat; Table S2 tab:supp_stratified_border_tiny; Table S5 tab:supp_raw_weighted_r92","replay/jr04/inputs/candidate/{scored_candidates_r92.csv,checkpoint_scores_all_rounds.csv,model_scoring_diagnostics.tsv,table4_reconciled_raw_and_weighted.csv,supp_table_s2_reconciled_raw_and_weighted.csv}; evidence/r92_candidate_audit/inputs/testset_labeled__xgb_recall.csv; optional_r2/fixed_r92_model isolated",replay/jr04/reproduce/reproduce_jr04.py (saved scores only); fixed-r92 optional R2 verifier not executed,"Recomputed saved-score metrics, PR/ROC coordinates, checkpoint bars, and raw/weighted confusion matrices",VERIFIED_FRESH_PHASE2A_SAVED_SCORE,OPTIONAL_FIXED_R92_PRESENT_NOT_EXECUTED,EXTERNAL_DEPENDENCY,NOT_SUPPLIED,FRESH_PHASE2A_JR04_SAVED_SCORE_PASS,"Exact 10,097-row predictor/score population; retained score vectors and reconciliation tables","R2 only for fixed r92; no raw-image generation, exact fit-row proof, inner folds, or checkpoint-selection independence"
RM03,Table 6 tab:full_ablation,"evidence/ablation/config, provenance, code snapshots, metrics, tables, figures, splits, metadata-only model records, and exactly 20 predictions/*.csv.gz",No training or bootstrap entrypoint executed in Phase2A; bounded gzip/CSV structural verifier only,"Existing point estimates, retained paired-card interval records, variant contracts, and 20 full-population probability files",PRESENT_FULL_POPULATION_STRUCTURALLY_VERIFIED,NOT_APPLICABLE_R92,NOT_APPLICABLE,NOT_APPLICABLE_R92,FRESH_PHASE2A_20_PREDICTION_FILES_SCHEMA_ORDER_AND_GZIP_PASS_NO_METRIC_RERUN,"Stable IDs; 56,843 validation rows and 10,097 external rows per variant; locked configs and code snapshots",True no_pca remains NOT_RUN_BLOCKED_RAW_EMBEDDINGS_UNAVAILABLE; no_deep_pca_features is exploratory; no AP/bootstrap rerun in Phase2A
RM04,Table 7 tab:e2e_points; Figure 8 fig:e2e_recall_and_zoom; Table S3 tab:supp_threshold_sweep; Figure S1 fig:supp_threshold_sweep,"replay/jr04/inputs/point: gt/annotations.xml (487 points; ec9680af…61f4) + supplied gt/E2E_9460_9486.xml (253 points; 6cfd17d4…b704), five-card saved detections/shortlists/tile indices and exact evaluator; 54-file POINT_INPUT_PINS.json",replay/jr04/reproduce/run_s3_v1.py via reproduce_jr04.py; saved proposals and original XML only,"Per-point records and S3 threshold results: 668/740, 622/740, 551/740 at 0.20/0.50/0.80; retained Figure 8 assets",VERIFIED_FRESH_PHASE2A_SAVED_PROPOSAL_REEVALUATION,NOT_APPLICABLE,EXTERNAL_DEPENDENCY,NOT_APPLICABLE,FRESH_PHASE2A_JR04_S3_PASS_ALL_740_POINTS,Two original XML sources; archived proposals; evaluator; NMS/geometry; five-card tile origins,Historical printed 552 at 0.80 remains of unknown origin; fresh exact replay gives 551 and does not reconstruct or alter GT
RM05,Table 8 tab:instance_mask_eval; Table S4 tab:supp_instance_threshold,replay/jr06/JR06_Verified_Evidence_Pending_Scope.zip nested mask GT/QA/code/saved predictions/results for run_20260803_184228_8PwhfM,"After fresh extraction: reproduce/reproduce_jr06.py -> replay_mask.py; unchanged evaluator, no overlays or inference",Pooled/per-card saved mask metrics and threshold sensitivity; primary TP/FP/FN 343/55/73 from 416 GT,VERIFIED_FRESH_PHASE2A_SAVED_OUTPUT_REPLAY,NOT_APPLICABLE,EXTERNAL_DEPENDENCY,NOT_APPLICABLE,FRESH_PHASE2A_JR06_MASK_REPLAY_PASS,Three-card polygon GT; saved predictions; matching/topology protocol; NumPy/pandas runtime,Pre-corrective-review and non-independent subset; not final reviewed-output quality
RM06,Figure 9 fig:failure_case_gallery,replay/jr08/JR08_Failure_Gallery_Core.zip (cd03ded8…70a4); replay/jr06 safe ZIP; current author JSON/verbatim; prepare_jr08_gallery.py (93c5fcc7…202f); current source Figure 9 member (09c1b732…984ef),replay/jr08/reproduce/prepare_jr08_gallery.py; no model/evaluator; current renderer not executed in Phase2A because PyMuPDF is unavailable,Current 12-panel author-reviewed gallery with unchanged source associations/RGB; retained recorded-gallery checks,SOURCE_PREREQUISITES_VERIFIED_CURRENT_AUTHOR_GALLERY,NOT_APPLICABLE,NOT_APPLICABLE,NOT_APPLICABLE,FRESH_PHASE2A_IDENTITY_CRC_AUTHOR_BINDING_PASS_RENDER_EXECUTION_BLOCKED_DEPENDENCY_PYMUPDF,"Exact gallery core, safe JR06 events, 12-panel author record, renderer, Liberation Sans runtime fonts; no font redistribution","Fresh render not performed because PyMuPDF is absent; optional legacy full-source verifier also needs 5_carts.zip and JR07 baseline, but these are not prerequisites for the current renderer"
RM07,Figure 10 fig:learning_curve,replay/jr04/inputs/candidate/learning_curve_table__xgb_recall.csv (122 rows; f016a1c3…9f6e) as direct plot input; model_metrics__xgb_recall.csv (134 rows; b95e0b83…9f35) for selection validation; checkpoint_scores_all_rounds.csv has 10 score columns; provenance/history.csv has 83 rows,replay/jr04/reproduce/make_jr04_outputs.py (bfd74840…07d2d) via reproduce_jr04.py,122-point heterogeneous historical diagnostic curve with incomplete-input rounds marked,VERIFIED_FRESH_PHASE2A_122_ROW_TRANSFORMATION,NOT_APPLICABLE,NOT_APPLICABLE,UNESTABLISHED,FRESH_PHASE2A_FIGURE10_GENERATION_PASS,"122-row curve table, 134-model audit table, saved metric verifier and Matplotlib",83-row history and 10 saved candidate score vectors remain separate evidence; no authenticated training-only selection history
RM08,Figure 11 fig:where_al_looks,"evidence/where_al_looks/testset_pool__xgb_recall.csv (10,196 rows; 19fc7206…fa201); where_al_looks_stats__xgb_recall.csv (98 recorded selections; 3cdfedad…7af6); current source static Figure 11 member (78c27b71…22857)",No Phase2A rescoring or new plot execution; static/source-partial packaging only,Current static pool-versus-shortlist probability distribution,PRESENT_STATIC_SOURCE_PARTIAL,NOT_APPLICABLE,NOT_APPLICABLE,UNESTABLISHED,NOT_RERUN_SOURCE_PARTIAL_HASH_VERIFIED,"Full 10,196-row pool, aggregate stats, current static asset","Pool has legacy xgb_proba; canonical r92 scores are bound for only 10,097 labelled rows. The 99 skipped-row canonical scores and exact plotting entrypoint remain unbound"
RM09,Figure 12 fig:pca_tile_example,"evidence/r92_candidate_audit/retained_assets/{embed_pca_32.npz,jassid_unified_proto.csv}; historical notebook; current source static Figure 12 member (143ddc59…deea)",No PCA fitting or Figure 12 regeneration in Phase2A,Current static two-coordinate PCA/prototype-similarity illustration plus retained provenance,PRESENT_STATIC_PROVENANCE_ONLY,NOT_APPLICABLE,NOT_APPLICABLE,UNESTABLISHED,NOT_RERUN_STATIC_ASSET_AND_INPUT_HASHES_VERIFIED,"Exact retained PCA arrays, prototype, notebook and current static asset",Exact plotted candidate/raw-vector row binding and historical PCA fit population remain unauthenticated
RM10,Figure 13 fig:al_vs_random; Table 9 tab:al_vs_random,evidence/active_learning/al_vs_random_curve__xgb_recall.csv (780 rows; 378b97d9…ad15); current source static Figure 13 member (843f33db…d796),Saved-curve transformation only; no fixed-pool simulation executed in Phase2A,Current mean ± SD trajectory and Table 9 values,PRESENT_PACKAGING_COVERAGE,NOT_APPLICABLE,NOT_APPLICABLE,UNESTABLISHED,NOT_RERUN_PACKAGING_ONLY_JR10_SEPARATE,Saved 10-repetition × 39-budget × 2-policy curve and current source asset,Underlying fixed-pool feature/label/split binding and simulation entrypoint remain JR10 work
RM11,Table 10 tab:runtime_profile,"replay/jr07/inputs: 72 hash-pinned files including runtime_profile_raw.csv, runtime_profile_summary.json, stage boundaries, 34,943 resource samples, four saved scored/unscored pass outputs, and code snapshot","replay/jr07/reproduce/verify_jr07.py (74b47d03…628e), retained-record verifier only",Scoped one-card timing/resource arithmetic tables and feature-adapter record,VERIFIED_FRESH_PHASE2A_SAVED_RECORD,NOT_APPLICABLE,VERIFIED_PRIOR_OPERATIONAL_PARTIAL_ENDPOINT,NOT_APPLICABLE,FRESH_PHASE2A_JR07_RECORD_VERIFIER_PASS_895_CHECKS,Exact recorded runtime core; standard-library verifier; no large weights/image required for R1,"R3 endpoint is image read through durable scored table only; excludes thresholding, NMS, final masks/export, review and UI. One-card operational route is not historical r92 runtime or general throughput"
RM12,Table S1 tab:supp_config_repro,Current source methods/availability text; r92 audit configs; ablation locked configs; JR07 runtime configs; frozen software 1.9.3 records,Documentation/configuration assembly; no single scientific executable,Configuration and reproducibility table,PRESENT_DOCUMENTED,NOT_APPLICABLE,PRESENT_BUT_NOT_HISTORICALLY_AUTHENTICATED,UNESTABLISHED,DOCUMENT_AND_HASH_REVIEW_ONLY,"Exact configs, software identity and versioned records",Surviving software capability is distinct from authenticated historical execution
RM13,Table S6 tab:supp_data_provenance; Table S7 tab:supp_pca_provenance; Table S8 tab:supp_feature_contract,84-card training snapshot (1836d704…29d) included once; history; r92 sidecars/model isolated; audit predictors; PCA; prototype; JR02/JR03 records,"Prior metadata verifiers; no fit, PCA or model execution in Phase2A","Data provenance, PCA provenance and feature-contract tables",VERIFIED_PRIOR_AND_PHASE2A_BYTE_IDENTITY,OPTIONAL_FIXED_R92_PRESENT_NOT_EXECUTED,UNESTABLISHED,RECONSTRUCTED_NOT_HISTORICAL_OR_NOT_SUPPLIED,INPUT_BYTE_IDENTITIES_VERIFIED_NO_SCIENTIFIC_RERUN,Exact snapshot/model/audit table and retained sidecars,"Snapshot is retained but immutable r92 fit-time consumption, folds, PCA row lineage and 129-card inventory remain unestablished"
RM14,Figure 1 fig:acquisition,"Current source ZIP member fig1_card_photo.jpg; 3,158,185 bytes; SHA-256 5b80df6d47a10310c5e7225a221297699b62807199399281b3ae3c5b6ccf6968",None; versioned static photograph asset,Current Figure 1 acquisition photograph,STATIC_ASSET_HASH_VERIFIED,NOT_APPLICABLE,NOT_APPLICABLE,NOT_APPLICABLE,CURRENT_SOURCE_MEMBER_HASH_PASS,Current source archive only,No raw-photo generator is claimed; image/privacy and redistribution rights remain pending
RM15,Figure 2 fig:pipeline_overview,"Current source ZIP member fig_pipeline_overview.pdf; 153,597 bytes; SHA-256 da2f11857374c43785c5548a5d49fac7d7af057f8cb1bd29ef5da67bf260a5db",None; versioned static schematic asset,Current Figure 2 pipeline overview,STATIC_ASSET_HASH_VERIFIED,NOT_APPLICABLE,NOT_APPLICABLE,NOT_APPLICABLE,CURRENT_SOURCE_MEMBER_HASH_PASS,Current source archive only,No scientific regeneration is required or claimed
RM16,Figure 3 fig:review_ui,"Current source ZIP member fig_two_panel_input_vs_cj_unc.pdf; 184,003 bytes; SHA-256 54aafc1379466b48fe58a4367a45f9518455886da4cbe9c76733033027ead42f",None; versioned static review-UI asset,Current Figure 3 review interface illustration,STATIC_ASSET_HASH_VERIFIED,NOT_APPLICABLE,NOT_APPLICABLE,NOT_APPLICABLE,CURRENT_SOURCE_MEMBER_HASH_PASS,Current source archive only,Not evidence of a fresh GUI run; image/privacy rights remain pending
RM17,Table 1 tab:dataset_review,evidence/dataset_review/testset_stats__xgb_recall.csv; 320 bytes; SHA-256 06d510cbf9da51c17decc5d653499e115d01740fb87454b178d465e20b0ccac2; current methods.tex member (bf986aec…ca01),Document assembly in current methods.tex; no standalone scientific rerun,Current ten-card dataset/review summary table,SOURCE_SUMMARY_HASH_VERIFIED,NOT_APPLICABLE,NOT_APPLICABLE,NOT_APPLICABLE,SOURCE_AND_METHODS_MEMBER_HASH_PASS,Exact audit-statistics summary and current source text,"Table is a source-derived document assembly, not an independent executable result"
RM18,Table 2 tab:config_repro,"Current methods.tex member (72,517 bytes; bf986aec65563b4db6828676cab30092486ec463d0ffa1b78335b056ee91ca01) plus exact retained r92, ablation, runtime and software configs",Documentation/configuration assembly; no single scientific executable,Current configuration/reproducibility summary table,CONFIGURATION_ASSEMBLY_HASH_VERIFIED,NOT_APPLICABLE,DOCUMENTED_NOT_HISTORICALLY_AUTHENTICATED,UNESTABLISHED,SOURCE_AND_CONFIG_HASH_REVIEW_PASS,Current source and exact retained config records,Configuration presence does not prove historical execution
