feature_name,original_order,primary_group,dependencies,is_cross_family_composite,legacy_storage_bucket,primary_group_status,source_code_path,source_line_or_symbol,evidence,verification_status
GLCM_contrast,0,texture,texture,False,texture,VERIFIED_SINGLE_FAMILY,/REVIEWER_INPUT_ROOT/gate_core.py,compute_features,"LBP, Sobel-gradient, or GLCM-proxy texture descriptor computed inside the candidate mask.",VERIFIED
GLCM_homogeneity,1,texture,texture,False,texture,VERIFIED_SINGLE_FAMILY,/REVIEWER_INPUT_ROOT/gate_core.py,compute_features,"LBP, Sobel-gradient, or GLCM-proxy texture descriptor computed inside the candidate mask.",VERIFIED
LBP_u5,2,texture,texture,False,texture,VERIFIED_SINGLE_FAMILY,/REVIEWER_INPUT_ROOT/gate_core.py,compute_features,"LBP, Sobel-gradient, or GLCM-proxy texture descriptor computed inside the candidate mask.",VERIFIED
area_norm,3,shape_morphology,shape_morphology,False,shape_morphology,VERIFIED_SINGLE_FAMILY,/REVIEWER_INPUT_ROOT/gate_core.py,compute_features,"Candidate contour, bounding-box size, area, perimeter, convexity, or shape descriptor.",VERIFIED
aspect_ratio,4,shape_morphology,shape_morphology,False,shape_morphology,VERIFIED_SINGLE_FAMILY,/REVIEWER_INPUT_ROOT/gate_core.py,compute_features,"Candidate contour, bounding-box size, area, perimeter, convexity, or shape descriptor.",VERIFIED
bbox_diag_frac,5,shape_morphology,shape_morphology,False,shape_morphology,VERIFIED_SINGLE_FAMILY,/REVIEWER_INPUT_ROOT/gate_core.py,compute_features,"Candidate contour, bounding-box size, area, perimeter, convexity, or shape descriptor.",VERIFIED
bbox_h,6,shape_morphology,shape_morphology,False,shape_morphology,VERIFIED_SINGLE_FAMILY,/REVIEWER_INPUT_ROOT/gate_core.py,compute_features,"Candidate contour, bounding-box size, area, perimeter, convexity, or shape descriptor.",VERIFIED
bbox_w,7,shape_morphology,shape_morphology,False,shape_morphology,VERIFIED_SINGLE_FAMILY,/REVIEWER_INPUT_ROOT/gate_core.py,compute_features,"Candidate contour, bounding-box size, area, perimeter, convexity, or shape descriptor.",VERIFIED
bbox_x,8,spatial_context,spatial_context,False,spatial_context,VERIFIED_SINGLE_FAMILY,/REVIEWER_INPUT_ROOT/gate_core.py,compute_features / cell_of_point,"Candidate location, grid position, card scale, or border context; not classified as shape.",VERIFIED
bbox_y,9,spatial_context,spatial_context,False,spatial_context,VERIFIED_SINGLE_FAMILY,/REVIEWER_INPUT_ROOT/gate_core.py,compute_features / cell_of_point,"Candidate location, grid position, card scale, or border context; not classified as shape.",VERIFIED
circularity,10,shape_morphology,shape_morphology,False,shape_morphology,VERIFIED_SINGLE_FAMILY,/REVIEWER_INPUT_ROOT/gate_core.py,compute_features,"Candidate contour, bounding-box size, area, perimeter, convexity, or shape descriptor.",VERIFIED
cx,11,spatial_context,spatial_context,False,spatial_context,VERIFIED_SINGLE_FAMILY,/REVIEWER_INPUT_ROOT/gate_core.py,compute_features / cell_of_point,"Candidate location, grid position, card scale, or border context; not classified as shape.",VERIFIED
cy,12,spatial_context,spatial_context,False,spatial_context,VERIFIED_SINGLE_FAMILY,/REVIEWER_INPUT_ROOT/gate_core.py,compute_features / cell_of_point,"Candidate location, grid position, card scale, or border context; not classified as shape.",VERIFIED
delta_a,13,color,color,False,color,VERIFIED_SINGLE_FAMILY,/REVIEWER_INPUT_ROOT/gate_core.py,compute_features / yellow_bg_stats,"Lab intensity/chroma statistic, candidate-ring difference, or compact Lab histogram descriptor.",VERIFIED
delta_a_med,14,color,color,False,color,VERIFIED_SINGLE_FAMILY,/REVIEWER_INPUT_ROOT/gate_core.py,compute_features / yellow_bg_stats,"Lab intensity/chroma statistic, candidate-ring difference, or compact Lab histogram descriptor.",VERIFIED
delta_b,15,color,color,False,color,VERIFIED_SINGLE_FAMILY,/REVIEWER_INPUT_ROOT/gate_core.py,compute_features / yellow_bg_stats,"Lab intensity/chroma statistic, candidate-ring difference, or compact Lab histogram descriptor.",VERIFIED
delta_b_med,16,color,color,False,color,VERIFIED_SINGLE_FAMILY,/REVIEWER_INPUT_ROOT/gate_core.py,compute_features / yellow_bg_stats,"Lab intensity/chroma statistic, candidate-ring difference, or compact Lab histogram descriptor.",VERIFIED
eccentricity,17,shape_morphology,shape_morphology,False,shape_morphology,VERIFIED_SINGLE_FAMILY,/REVIEWER_INPUT_ROOT/gate_core.py,compute_features,"Candidate contour, bounding-box size, area, perimeter, convexity, or shape descriptor.",VERIFIED
elongation,18,shape_morphology,shape_morphology,False,shape_morphology,VERIFIED_SINGLE_FAMILY,/REVIEWER_INPUT_ROOT/gate_core.py,compute_features,"Candidate contour, bounding-box size, area, perimeter, convexity, or shape descriptor.",VERIFIED
embed_pca_0,19,deep_pca,deep_pca,False,deep_pca,VERIFIED_SINGLE_FAMILY,/REVIEWER_INPUT_ROOT/COCO_2_features.ipynb,"cell 4: pca_components @ (z_vec - pca_mean), lines 1971-1979",Projection of the L2-normalized ResNet-50 embedding onto 32 PCA components.,VERIFIED
embed_pca_1,20,deep_pca,deep_pca,False,deep_pca,VERIFIED_SINGLE_FAMILY,/REVIEWER_INPUT_ROOT/COCO_2_features.ipynb,"cell 4: pca_components @ (z_vec - pca_mean), lines 1971-1979",Projection of the L2-normalized ResNet-50 embedding onto 32 PCA components.,VERIFIED
embed_pca_10,21,deep_pca,deep_pca,False,deep_pca,VERIFIED_SINGLE_FAMILY,/REVIEWER_INPUT_ROOT/COCO_2_features.ipynb,"cell 4: pca_components @ (z_vec - pca_mean), lines 1971-1979",Projection of the L2-normalized ResNet-50 embedding onto 32 PCA components.,VERIFIED
embed_pca_11,22,deep_pca,deep_pca,False,deep_pca,VERIFIED_SINGLE_FAMILY,/REVIEWER_INPUT_ROOT/COCO_2_features.ipynb,"cell 4: pca_components @ (z_vec - pca_mean), lines 1971-1979",Projection of the L2-normalized ResNet-50 embedding onto 32 PCA components.,VERIFIED
embed_pca_12,23,deep_pca,deep_pca,False,deep_pca,VERIFIED_SINGLE_FAMILY,/REVIEWER_INPUT_ROOT/COCO_2_features.ipynb,"cell 4: pca_components @ (z_vec - pca_mean), lines 1971-1979",Projection of the L2-normalized ResNet-50 embedding onto 32 PCA components.,VERIFIED
embed_pca_13,24,deep_pca,deep_pca,False,deep_pca,VERIFIED_SINGLE_FAMILY,/REVIEWER_INPUT_ROOT/COCO_2_features.ipynb,"cell 4: pca_components @ (z_vec - pca_mean), lines 1971-1979",Projection of the L2-normalized ResNet-50 embedding onto 32 PCA components.,VERIFIED
embed_pca_14,25,deep_pca,deep_pca,False,deep_pca,VERIFIED_SINGLE_FAMILY,/REVIEWER_INPUT_ROOT/COCO_2_features.ipynb,"cell 4: pca_components @ (z_vec - pca_mean), lines 1971-1979",Projection of the L2-normalized ResNet-50 embedding onto 32 PCA components.,VERIFIED
embed_pca_15,26,deep_pca,deep_pca,False,deep_pca,VERIFIED_SINGLE_FAMILY,/REVIEWER_INPUT_ROOT/COCO_2_features.ipynb,"cell 4: pca_components @ (z_vec - pca_mean), lines 1971-1979",Projection of the L2-normalized ResNet-50 embedding onto 32 PCA components.,VERIFIED
embed_pca_16,27,deep_pca,deep_pca,False,deep_pca,VERIFIED_SINGLE_FAMILY,/REVIEWER_INPUT_ROOT/COCO_2_features.ipynb,"cell 4: pca_components @ (z_vec - pca_mean), lines 1971-1979",Projection of the L2-normalized ResNet-50 embedding onto 32 PCA components.,VERIFIED
embed_pca_17,28,deep_pca,deep_pca,False,deep_pca,VERIFIED_SINGLE_FAMILY,/REVIEWER_INPUT_ROOT/COCO_2_features.ipynb,"cell 4: pca_components @ (z_vec - pca_mean), lines 1971-1979",Projection of the L2-normalized ResNet-50 embedding onto 32 PCA components.,VERIFIED
embed_pca_18,29,deep_pca,deep_pca,False,deep_pca,VERIFIED_SINGLE_FAMILY,/REVIEWER_INPUT_ROOT/COCO_2_features.ipynb,"cell 4: pca_components @ (z_vec - pca_mean), lines 1971-1979",Projection of the L2-normalized ResNet-50 embedding onto 32 PCA components.,VERIFIED
embed_pca_19,30,deep_pca,deep_pca,False,deep_pca,VERIFIED_SINGLE_FAMILY,/REVIEWER_INPUT_ROOT/COCO_2_features.ipynb,"cell 4: pca_components @ (z_vec - pca_mean), lines 1971-1979",Projection of the L2-normalized ResNet-50 embedding onto 32 PCA components.,VERIFIED
embed_pca_2,31,deep_pca,deep_pca,False,deep_pca,VERIFIED_SINGLE_FAMILY,/REVIEWER_INPUT_ROOT/COCO_2_features.ipynb,"cell 4: pca_components @ (z_vec - pca_mean), lines 1971-1979",Projection of the L2-normalized ResNet-50 embedding onto 32 PCA components.,VERIFIED
embed_pca_20,32,deep_pca,deep_pca,False,deep_pca,VERIFIED_SINGLE_FAMILY,/REVIEWER_INPUT_ROOT/COCO_2_features.ipynb,"cell 4: pca_components @ (z_vec - pca_mean), lines 1971-1979",Projection of the L2-normalized ResNet-50 embedding onto 32 PCA components.,VERIFIED
embed_pca_21,33,deep_pca,deep_pca,False,deep_pca,VERIFIED_SINGLE_FAMILY,/REVIEWER_INPUT_ROOT/COCO_2_features.ipynb,"cell 4: pca_components @ (z_vec - pca_mean), lines 1971-1979",Projection of the L2-normalized ResNet-50 embedding onto 32 PCA components.,VERIFIED
embed_pca_22,34,deep_pca,deep_pca,False,deep_pca,VERIFIED_SINGLE_FAMILY,/REVIEWER_INPUT_ROOT/COCO_2_features.ipynb,"cell 4: pca_components @ (z_vec - pca_mean), lines 1971-1979",Projection of the L2-normalized ResNet-50 embedding onto 32 PCA components.,VERIFIED
embed_pca_23,35,deep_pca,deep_pca,False,deep_pca,VERIFIED_SINGLE_FAMILY,/REVIEWER_INPUT_ROOT/COCO_2_features.ipynb,"cell 4: pca_components @ (z_vec - pca_mean), lines 1971-1979",Projection of the L2-normalized ResNet-50 embedding onto 32 PCA components.,VERIFIED
embed_pca_24,36,deep_pca,deep_pca,False,deep_pca,VERIFIED_SINGLE_FAMILY,/REVIEWER_INPUT_ROOT/COCO_2_features.ipynb,"cell 4: pca_components @ (z_vec - pca_mean), lines 1971-1979",Projection of the L2-normalized ResNet-50 embedding onto 32 PCA components.,VERIFIED
embed_pca_25,37,deep_pca,deep_pca,False,deep_pca,VERIFIED_SINGLE_FAMILY,/REVIEWER_INPUT_ROOT/COCO_2_features.ipynb,"cell 4: pca_components @ (z_vec - pca_mean), lines 1971-1979",Projection of the L2-normalized ResNet-50 embedding onto 32 PCA components.,VERIFIED
embed_pca_26,38,deep_pca,deep_pca,False,deep_pca,VERIFIED_SINGLE_FAMILY,/REVIEWER_INPUT_ROOT/COCO_2_features.ipynb,"cell 4: pca_components @ (z_vec - pca_mean), lines 1971-1979",Projection of the L2-normalized ResNet-50 embedding onto 32 PCA components.,VERIFIED
embed_pca_27,39,deep_pca,deep_pca,False,deep_pca,VERIFIED_SINGLE_FAMILY,/REVIEWER_INPUT_ROOT/COCO_2_features.ipynb,"cell 4: pca_components @ (z_vec - pca_mean), lines 1971-1979",Projection of the L2-normalized ResNet-50 embedding onto 32 PCA components.,VERIFIED
embed_pca_28,40,deep_pca,deep_pca,False,deep_pca,VERIFIED_SINGLE_FAMILY,/REVIEWER_INPUT_ROOT/COCO_2_features.ipynb,"cell 4: pca_components @ (z_vec - pca_mean), lines 1971-1979",Projection of the L2-normalized ResNet-50 embedding onto 32 PCA components.,VERIFIED
embed_pca_29,41,deep_pca,deep_pca,False,deep_pca,VERIFIED_SINGLE_FAMILY,/REVIEWER_INPUT_ROOT/COCO_2_features.ipynb,"cell 4: pca_components @ (z_vec - pca_mean), lines 1971-1979",Projection of the L2-normalized ResNet-50 embedding onto 32 PCA components.,VERIFIED
embed_pca_3,42,deep_pca,deep_pca,False,deep_pca,VERIFIED_SINGLE_FAMILY,/REVIEWER_INPUT_ROOT/COCO_2_features.ipynb,"cell 4: pca_components @ (z_vec - pca_mean), lines 1971-1979",Projection of the L2-normalized ResNet-50 embedding onto 32 PCA components.,VERIFIED
embed_pca_30,43,deep_pca,deep_pca,False,deep_pca,VERIFIED_SINGLE_FAMILY,/REVIEWER_INPUT_ROOT/COCO_2_features.ipynb,"cell 4: pca_components @ (z_vec - pca_mean), lines 1971-1979",Projection of the L2-normalized ResNet-50 embedding onto 32 PCA components.,VERIFIED
embed_pca_31,44,deep_pca,deep_pca,False,deep_pca,VERIFIED_SINGLE_FAMILY,/REVIEWER_INPUT_ROOT/COCO_2_features.ipynb,"cell 4: pca_components @ (z_vec - pca_mean), lines 1971-1979",Projection of the L2-normalized ResNet-50 embedding onto 32 PCA components.,VERIFIED
embed_pca_4,45,deep_pca,deep_pca,False,deep_pca,VERIFIED_SINGLE_FAMILY,/REVIEWER_INPUT_ROOT/COCO_2_features.ipynb,"cell 4: pca_components @ (z_vec - pca_mean), lines 1971-1979",Projection of the L2-normalized ResNet-50 embedding onto 32 PCA components.,VERIFIED
embed_pca_5,46,deep_pca,deep_pca,False,deep_pca,VERIFIED_SINGLE_FAMILY,/REVIEWER_INPUT_ROOT/COCO_2_features.ipynb,"cell 4: pca_components @ (z_vec - pca_mean), lines 1971-1979",Projection of the L2-normalized ResNet-50 embedding onto 32 PCA components.,VERIFIED
embed_pca_6,47,deep_pca,deep_pca,False,deep_pca,VERIFIED_SINGLE_FAMILY,/REVIEWER_INPUT_ROOT/COCO_2_features.ipynb,"cell 4: pca_components @ (z_vec - pca_mean), lines 1971-1979",Projection of the L2-normalized ResNet-50 embedding onto 32 PCA components.,VERIFIED
embed_pca_7,48,deep_pca,deep_pca,False,deep_pca,VERIFIED_SINGLE_FAMILY,/REVIEWER_INPUT_ROOT/COCO_2_features.ipynb,"cell 4: pca_components @ (z_vec - pca_mean), lines 1971-1979",Projection of the L2-normalized ResNet-50 embedding onto 32 PCA components.,VERIFIED
embed_pca_8,49,deep_pca,deep_pca,False,deep_pca,VERIFIED_SINGLE_FAMILY,/REVIEWER_INPUT_ROOT/COCO_2_features.ipynb,"cell 4: pca_components @ (z_vec - pca_mean), lines 1971-1979",Projection of the L2-normalized ResNet-50 embedding onto 32 PCA components.,VERIFIED
embed_pca_9,50,deep_pca,deep_pca,False,deep_pca,VERIFIED_SINGLE_FAMILY,/REVIEWER_INPUT_ROOT/COCO_2_features.ipynb,"cell 4: pca_components @ (z_vec - pca_mean), lines 1971-1979",Projection of the L2-normalized ResNet-50 embedding onto 32 PCA components.,VERIFIED
embed_sim,51,deep_similarity,deep_similarity,False,deep_similarity,VERIFIED_SINGLE_FAMILY,/REVIEWER_INPUT_ROOT/COCO_2_features.ipynb,"cell 4: embed_sim / g_embed, lines 1965-1969 and 1996",Training-table embed_sim is clamped (cosine+1)/2; g_embed equals that same continuous value.,VERIFIED
extent,52,shape_morphology,shape_morphology,False,shape_morphology,VERIFIED_SINGLE_FAMILY,/REVIEWER_INPUT_ROOT/gate_core.py,compute_features,"Candidate contour, bounding-box size, area, perimeter, convexity, or shape descriptor.",VERIFIED
g_border,53,spatial_context,spatial_context,False,spatial_context,VERIFIED_SINGLE_FAMILY,/REVIEWER_INPUT_ROOT/COCO_2_features.ipynb,"cell 4: g_border, lines 1993-2006",Literal candidate touching_border indicator (1 means touching).,VERIFIED
g_color,54,color,color,False,color,VERIFIED_SINGLE_FAMILY,/REVIEWER_INPUT_ROOT/COCO_2_features.ipynb,"cell 4: g_color, lines 1993-2006",Continuous clamp of the Lab delta_a/delta_b magnitude.,VERIFIED
g_embed,55,deep_similarity,deep_similarity,False,deep_similarity,VERIFIED_SINGLE_FAMILY,/REVIEWER_INPUT_ROOT/COCO_2_features.ipynb,"cell 4: embed_sim / g_embed, lines 1965-1969 and 1996",Training-table embed_sim is clamped (cosine+1)/2; g_embed equals that same continuous value.,VERIFIED
g_light,56,color,color,False,color,VERIFIED_SINGLE_FAMILY,/REVIEWER_INPUT_ROOT/COCO_2_features.ipynb,"cell 4: evaluate_light_gate, lines 1993-2006",Continuous composite of normalized candidate mean_L and std_L.,VERIFIED
g_maha,57,deep_pca,deep_pca,False,deep_pca,VERIFIED_SINGLE_FAMILY,/REVIEWER_INPUT_ROOT/COCO_2_features.ipynb,"cell 4: g_maha, lines 1993-2006",Function of the norm of all 32 embedding PCA scores; classified as deep_pca.,VERIFIED
g_quality,58,cross_family_composite,color|deep_pca|deep_similarity|shape_morphology|spatial_context|texture,True,other_manual,VERIFIED_CROSS_FAMILY_COMPOSITE,/REVIEWER_INPUT_ROOT/COCO_2_features.ipynb,"cell 4: g_quality, lines 1993-2006","Verified cross-family composite with dependency closure over: color, deep_pca, deep_similarity, shape_morphology, spatial_context, texture. `other_manual` is retained only as the legacy storage bucket, not as a scientific family assignment.",VERIFIED
g_robust,59,cross_family_composite,shape_morphology|spatial_context|texture,True,other_manual,VERIFIED_CROSS_FAMILY_COMPOSITE,/REVIEWER_INPUT_ROOT/COCO_2_features.ipynb,"cell 4: g_robust, lines 1993-2006","Verified cross-family composite with dependency closure over: shape_morphology, spatial_context, texture. `other_manual` is retained only as the legacy storage bucket, not as a scientific family assignment.",VERIFIED
g_shape,60,shape_morphology,shape_morphology,False,shape_morphology,VERIFIED_SINGLE_FAMILY,/REVIEWER_INPUT_ROOT/COCO_2_features.ipynb,"cell 4: g_shape, lines 1993-2006","Continuous composite of circularity, solidity, and eccentricity.",VERIFIED
grad_mean,61,texture,texture,False,texture,VERIFIED_SINGLE_FAMILY,/REVIEWER_INPUT_ROOT/gate_core.py,compute_features,"LBP, Sobel-gradient, or GLCM-proxy texture descriptor computed inside the candidate mask.",VERIFIED
grad_p90,62,texture,texture,False,texture,VERIFIED_SINGLE_FAMILY,/REVIEWER_INPUT_ROOT/gate_core.py,compute_features,"LBP, Sobel-gradient, or GLCM-proxy texture descriptor computed inside the candidate mask.",VERIFIED
grid_c,63,spatial_context,spatial_context,False,spatial_context,VERIFIED_SINGLE_FAMILY,/REVIEWER_INPUT_ROOT/pipeline.py,compute_features / cell_of_point,"Candidate location, grid position, card scale, or border context; not classified as shape.",VERIFIED
grid_c_norm,64,spatial_context,spatial_context,False,spatial_context,VERIFIED_SINGLE_FAMILY,/REVIEWER_INPUT_ROOT/pipeline.py,compute_features / cell_of_point,"Candidate location, grid position, card scale, or border context; not classified as shape.",VERIFIED
grid_r,65,spatial_context,spatial_context,False,spatial_context,VERIFIED_SINGLE_FAMILY,/REVIEWER_INPUT_ROOT/pipeline.py,compute_features / cell_of_point,"Candidate location, grid position, card scale, or border context; not classified as shape.",VERIFIED
grid_r_norm,66,spatial_context,spatial_context,False,spatial_context,VERIFIED_SINGLE_FAMILY,/REVIEWER_INPUT_ROOT/pipeline.py,compute_features / cell_of_point,"Candidate location, grid position, card scale, or border context; not classified as shape.",VERIFIED
histab_q11,67,color,color,False,color,VERIFIED_SINGLE_FAMILY,/REVIEWER_INPUT_ROOT/gate_core.py,compute_features / yellow_bg_stats,"Lab intensity/chroma statistic, candidate-ring difference, or compact Lab histogram descriptor.",VERIFIED
histab_q12,68,color,color,False,color,VERIFIED_SINGLE_FAMILY,/REVIEWER_INPUT_ROOT/gate_core.py,compute_features / yellow_bg_stats,"Lab intensity/chroma statistic, candidate-ring difference, or compact Lab histogram descriptor.",VERIFIED
histab_q21,69,color,color,False,color,VERIFIED_SINGLE_FAMILY,/REVIEWER_INPUT_ROOT/gate_core.py,compute_features / yellow_bg_stats,"Lab intensity/chroma statistic, candidate-ring difference, or compact Lab histogram descriptor.",VERIFIED
histab_q22,70,color,color,False,color,VERIFIED_SINGLE_FAMILY,/REVIEWER_INPUT_ROOT/gate_core.py,compute_features / yellow_bg_stats,"Lab intensity/chroma statistic, candidate-ring difference, or compact Lab histogram descriptor.",VERIFIED
histb_q1,71,color,color,False,color,VERIFIED_SINGLE_FAMILY,/REVIEWER_INPUT_ROOT/gate_core.py,compute_features / yellow_bg_stats,"Lab intensity/chroma statistic, candidate-ring difference, or compact Lab histogram descriptor.",VERIFIED
histb_q2,72,color,color,False,color,VERIFIED_SINGLE_FAMILY,/REVIEWER_INPUT_ROOT/gate_core.py,compute_features / yellow_bg_stats,"Lab intensity/chroma statistic, candidate-ring difference, or compact Lab histogram descriptor.",VERIFIED
histb_q3,73,color,color,False,color,VERIFIED_SINGLE_FAMILY,/REVIEWER_INPUT_ROOT/gate_core.py,compute_features / yellow_bg_stats,"Lab intensity/chroma statistic, candidate-ring difference, or compact Lab histogram descriptor.",VERIFIED
histb_q4,74,color,color,False,color,VERIFIED_SINGLE_FAMILY,/REVIEWER_INPUT_ROOT/gate_core.py,compute_features / yellow_bg_stats,"Lab intensity/chroma statistic, candidate-ring difference, or compact Lab histogram descriptor.",VERIFIED
mean_L,75,color,color,False,color,VERIFIED_SINGLE_FAMILY,/REVIEWER_INPUT_ROOT/gate_core.py,compute_features / yellow_bg_stats,"Lab intensity/chroma statistic, candidate-ring difference, or compact Lab histogram descriptor.",VERIFIED
mean_a,76,color,color,False,color,VERIFIED_SINGLE_FAMILY,/REVIEWER_INPUT_ROOT/gate_core.py,compute_features / yellow_bg_stats,"Lab intensity/chroma statistic, candidate-ring difference, or compact Lab histogram descriptor.",VERIFIED
mean_b,77,color,color,False,color,VERIFIED_SINGLE_FAMILY,/REVIEWER_INPUT_ROOT/gate_core.py,compute_features / yellow_bg_stats,"Lab intensity/chroma statistic, candidate-ring difference, or compact Lab histogram descriptor.",VERIFIED
median_L,78,color,color,False,color,VERIFIED_SINGLE_FAMILY,/REVIEWER_INPUT_ROOT/gate_core.py,compute_features / yellow_bg_stats,"Lab intensity/chroma statistic, candidate-ring difference, or compact Lab histogram descriptor.",VERIFIED
median_a,79,color,color,False,color,VERIFIED_SINGLE_FAMILY,/REVIEWER_INPUT_ROOT/gate_core.py,compute_features / yellow_bg_stats,"Lab intensity/chroma statistic, candidate-ring difference, or compact Lab histogram descriptor.",VERIFIED
median_a_in,80,color,color,False,color,VERIFIED_SINGLE_FAMILY,/REVIEWER_INPUT_ROOT/gate_core.py,compute_features / yellow_bg_stats,"Lab intensity/chroma statistic, candidate-ring difference, or compact Lab histogram descriptor.",VERIFIED
median_a_ring,81,color,color,False,color,VERIFIED_SINGLE_FAMILY,/REVIEWER_INPUT_ROOT/gate_core.py,compute_features / yellow_bg_stats,"Lab intensity/chroma statistic, candidate-ring difference, or compact Lab histogram descriptor.",VERIFIED
median_b,82,color,color,False,color,VERIFIED_SINGLE_FAMILY,/REVIEWER_INPUT_ROOT/gate_core.py,compute_features / yellow_bg_stats,"Lab intensity/chroma statistic, candidate-ring difference, or compact Lab histogram descriptor.",VERIFIED
median_b_in,83,color,color,False,color,VERIFIED_SINGLE_FAMILY,/REVIEWER_INPUT_ROOT/gate_core.py,compute_features / yellow_bg_stats,"Lab intensity/chroma statistic, candidate-ring difference, or compact Lab histogram descriptor.",VERIFIED
median_b_ring,84,color,color,False,color,VERIFIED_SINGLE_FAMILY,/REVIEWER_INPUT_ROOT/gate_core.py,compute_features / yellow_bg_stats,"Lab intensity/chroma statistic, candidate-ring difference, or compact Lab histogram descriptor.",VERIFIED
perim_over_sqrt_area,85,shape_morphology,shape_morphology,False,shape_morphology,VERIFIED_SINGLE_FAMILY,/REVIEWER_INPUT_ROOT/gate_core.py,compute_features,"Candidate contour, bounding-box size, area, perimeter, convexity, or shape descriptor.",VERIFIED
perimeter,86,shape_morphology,shape_morphology,False,shape_morphology,VERIFIED_SINGLE_FAMILY,/REVIEWER_INPUT_ROOT/gate_core.py,compute_features,"Candidate contour, bounding-box size, area, perimeter, convexity, or shape descriptor.",VERIFIED
scale_diag,87,spatial_context,spatial_context,False,spatial_context,VERIFIED_SINGLE_FAMILY,/REVIEWER_INPUT_ROOT/gate_core.py,compute_features / cell_of_point,"Candidate location, grid position, card scale, or border context; not classified as shape.",VERIFIED
solidity,88,shape_morphology,shape_morphology,False,shape_morphology,VERIFIED_SINGLE_FAMILY,/REVIEWER_INPUT_ROOT/gate_core.py,compute_features,"Candidate contour, bounding-box size, area, perimeter, convexity, or shape descriptor.",VERIFIED
std_L,89,color,color,False,color,VERIFIED_SINGLE_FAMILY,/REVIEWER_INPUT_ROOT/gate_core.py,compute_features / yellow_bg_stats,"Lab intensity/chroma statistic, candidate-ring difference, or compact Lab histogram descriptor.",VERIFIED
std_a,90,color,color,False,color,VERIFIED_SINGLE_FAMILY,/REVIEWER_INPUT_ROOT/gate_core.py,compute_features / yellow_bg_stats,"Lab intensity/chroma statistic, candidate-ring difference, or compact Lab histogram descriptor.",VERIFIED
std_b,91,color,color,False,color,VERIFIED_SINGLE_FAMILY,/REVIEWER_INPUT_ROOT/gate_core.py,compute_features / yellow_bg_stats,"Lab intensity/chroma statistic, candidate-ring difference, or compact Lab histogram descriptor.",VERIFIED
touching_border,92,spatial_context,spatial_context,False,spatial_context,VERIFIED_SINGLE_FAMILY,/REVIEWER_INPUT_ROOT/gate_core.py,compute_features / cell_of_point,"Candidate location, grid position, card scale, or border context; not classified as shape.",VERIFIED
